end station id,end station latitude,end station longitude,end station name,count
72,40.76727216,-73.99392888,W 52 St & 11 Ave,3789
79,40.71911552,-74.00666661,Franklin St & W Broadway,2460
82,40.71117416,-74.00016545,St James Pl & Pearl St,1292
83,40.68382604,-73.97632328,Atlantic Ave & Fort Greene Pl,1980
116,40.74177603,-74.00149746,W 17 St & 8 Ave,5077
119,40.69608941,-73.97803415,Park Ave & St Edwards St,537
120,40.68676793,-73.95928168,Lexington Ave & Classon Ave,1528
127,40.73172428,-74.00674436,Barrow St & Hudson St,5324
128,40.72710258,-74.00297088,MacDougal St & Prince St,6104
143,40.69239502,-73.99337909,Clinton St & Joralemon St,1812
144,40.69839895,-73.98068914,Nassau St & Navy St,1486
146,40.71625008,-74.0091059,Hudson St & Reade St,2698
150,40.720873600000004,-73.98085795,E 2 St & Avenue C,3492
151,40.72210378668603,-73.99724900722505,Cleveland Pl & Spring St,8336
152,40.71473993,-74.00910627,Warren St & W Broadway,395
157,40.69089272,-73.99612349,Henry St & Atlantic Ave,2199
161,40.72917025,-73.99810231,LaGuardia Pl & W 3 St,4949
164,40.75323098,-73.97032517,E 47 St & 2 Ave,2960
168,40.73971301,-73.99456405,W 18 St & 6 Ave,3104
173,40.76068327096592,-73.98452728986742,Broadway & W 49 St,4968
174,40.7381765,-73.97738662,E 25 St & 1 Ave,4069
212,40.74334935,-74.00681753,W 16 St & The High Line,3881
216,40.70037867,-73.99548059,Columbia Heights & Cranberry St,998
217,40.70277159,-73.99383605,Old Fulton St,3335
223,40.73781509,-73.99994661,W 13 St & 7 Ave,4364
224,40.71146364,-74.00552427,Spruce St & Nassau St,2477
228,40.7546011026,-73.971878855,E 48 St & 3 Ave,2607
229,40.72743423,-73.99379025,Great Jones St,5448
236,40.7284186,-73.98713956,St Marks Pl & 2 Ave,7852
237,40.73047309,-73.98672378,E 11 St & 2 Ave,1115
238,40.7361967,-74.00859207,Bank St & Washington St,3612
239,40.69196566,-73.9813018,Willoughby St & Fleet St,2021
241,40.68981035,-73.97493121,DeKalb Ave & S Portland Ave,2648
242,40.697787,-73.973736,Carlton Ave & Flushing Ave,917
244,40.69196035,-73.96536851,Willoughby Ave & Hall St,1537
245,40.69327018,-73.97703874,Myrtle Ave & St Edwards St,1201
247,40.73535398,-74.00483091,Perry St & Bleecker St,5102
248,40.72185379,-74.00771779,Laight St & Hudson St,1039
249,40.71870987,-74.0090009,Harrison St & Hudson St,1434
250,40.72456089,-73.99565293,Lafayette St & Jersey St,5622
251,40.72317958,-73.99480012,Mott St & Prince St,6250
252,40.73226398,-73.99852205,MacDougal St & Washington Sq,3976
254,40.73532427,-73.99800419,W 11 St & 6 Ave,3530
257,40.71939226,-74.00247214,Lispenard St & Broadway,3721
258,40.68940747,-73.96885458,DeKalb Ave & Vanderbilt Ave,2306
259,40.70122128,-74.01234218,South St & Whitehall St,3361
260,40.70365182,-74.01167797,Broad St & Bridge St,1569
261,40.69474881,-73.98362464,Johnson St & Gold St,1239
262,40.6917823,-73.97372990000001,Washington Park,1739
264,40.70706456,-74.00731853,Maiden Ln & Pearl St,2378
265,40.72229346,-73.99147535,Stanton St & Chrystie St,4098
267,40.75097711,-73.98765428,Broadway & W 36 St,2832
268,40.71910537,-73.99973337,Howard St & Centre St,3635
270,40.69308257,-73.97178913,Adelphi St & Myrtle Ave,1509
274,40.68691865,-73.976682,Lafayette Ave & Fort Greene Pl,2541
275,40.68650065,-73.96563307,Washington Ave & Greene Ave,1244
276,40.71748752,-74.0104554,Duane St & Greenwich St,1764
278,40.69766564,-73.98476437,Concord St & Bridge St,1240
280,40.73331967,-73.99510132,E 10 St & 5 Ave,3058
281,40.764397100000004,-73.97371465,Grand Army Plaza & Central Park S,938
282,40.7076449441757,-73.96841526031494,Kent Ave & S 11 St,3037
284,40.7390169121,-74.0026376103,Greenwich Ave & 8 Ave,7835
285,40.73454567,-73.99074142,Broadway & E 14 St,7713
289,40.684568299999995,-73.95881081,Monroe St & Classon Ave,833
291,40.713126,-73.984844,Madison St & Montgomery St,2245
293,40.73020660529954,-73.99102628231049,Lafayette St & E 8 St,7064
295,40.71406667,-73.99293911,Pike St & E Broadway,2963
297,40.734232,-73.986923,E 15 St & 3 Ave,6376
298,40.68683208,-73.9796772,3 Ave & Schermerhorn St,2025
301,40.72217444,-73.98368779,E 2 St & Avenue B,5810
302,40.72082834,-73.97793172,Avenue D & E 3 St,2878
303,40.72362738,-73.99949601,Mercer St & Spring St,5114
304,40.70463334,-74.01361706,Broadway & Battery Pl,4061
305,40.76095756,-73.96724467,E 58 St & 3 Ave,5242
307,40.71427487,-73.98990025,Canal St & Rutgers St,5790
308,40.71307916,-73.99851193,St James Pl & Oliver St,2698
309,40.7149787,-74.013012,Murray St & West St,3323
310,40.68926942,-73.98912867,State St & Smith St,1914
311,40.7172274,-73.98802084,Norfolk St & Broome St,5089
312,40.722055,-73.989111,Allen St & Stanton St,5520
313,40.69610226,-73.96751037,Washington Ave & Park Ave,1384
315,40.70355377,-74.00670227,South St & Gouverneur Ln,3353
316,40.70955958,-74.00653609,Fulton St & William St,2614
317,40.72453734,-73.98185424,E 6 St & Avenue B,6212
319,40.711065999999995,-74.009447,Fulton St & Broadway,5362
320,40.717571,-74.005549,Leonard St & Church St,3298
321,40.69991755,-73.98971773,Cadman Plaza E & Red Cross Pl,1312
323,40.69236178,-73.98631746,Lawrence St & Willoughby St,2479
324,40.689888,-73.981013,DeKalb Ave & Hudson Ave,2069
325,40.73624527,-73.98473765,E 19 St & 3 Ave,5334
326,40.72953837,-73.98426726,E 11 St & 1 Ave,1232
327,40.715337899999994,-74.01658354,Vesey Pl & River Terrace,4481
328,40.72405549,-74.00965965,Watts St & Greenwich St,3361
330,40.71450451,-74.00562789,Reade St & Broadway,2127
331,40.71173107,-73.99193043,Pike St & Monroe St,2870
332,40.71219906,-73.97948148,Cherry St,2893
334,40.74238787,-73.99726235,W 20 St & 7 Ave,5250
335,40.72903917,-73.99404649,Washington Pl & Broadway,3524
336,40.73047747,-73.99906065,Sullivan St & Washington Sq,4479
340,40.71269042,-73.98776323,Madison St & Clinton St,2990
341,40.71782143,-73.97628939,Stanton St & Mangin St,2474
342,40.71739973,-73.98016555,Columbia St & Rivington St,2215
343,40.69794,-73.96986848,Clinton Ave & Flushing Ave,1012
344,40.6851443,-73.95380904,Monroe St & Bedford Ave,1444
346,40.73652889,-74.00618026,Bank St & Hudson St,4385
347,40.728846000000004,-74.00859100000001,Greenwich St & W Houston St,5160
349,40.71850211,-73.98329859,Rivington St & Ridge St,3554
350,40.71559509,-73.9870295,Clinton St & Grand St,6691
351,40.70530954,-74.00612572,Front St & Maiden Ln,1614
353,40.68539567,-73.97431458,S Portland Ave & Hanson Pl,1397
354,40.69363137,-73.96223558,Emerson Pl & Myrtle Ave,1718
355,40.71602118,-73.99974372,Bayard St & Baxter St,4222
356,40.71622644,-73.98261206,Bialystoker Pl & Delancey St,217
358,40.73291553,-74.00711384,Christopher St & Greenwich St,9447
359,40.75510267,-73.97498696,E 47 St & Park Ave,3433
360,40.70717936,-74.00887308,William St & Pine St,3962
361,40.71605866,-73.99190759,Allen St & Hester St,5381
362,40.75172632,-73.98753523,Broadway & W 37 St,2246
363,40.70834698,-74.01713445,West Thames St,2536
364,40.68900443,-73.96023854,Lafayette Ave & Classon Ave,1459
366,40.693261,-73.968896,Clinton Ave & Myrtle Ave,1960
367,40.75828065,-73.97069431,E 53 St & Lexington Ave,3202
368,40.73038599,-74.00214988,Carmine St & 6 Ave,8522
369,40.73224119,-74.00026394,Washington Pl & 6 Ave,4362
372,40.694546087246025,-73.95801365375519,Franklin Ave & Myrtle Ave,858
373,40.69331716,-73.95381995,Willoughby Ave & Walworth St,1245
376,40.70862144,-74.00722156,John St & William St,2316
377,40.72243797,-74.00566443,6 Ave & Canal St,2550
379,40.749156,-73.9916,W 31 St & 7 Ave,5516
380,40.73401143,-74.00293877,W 4 St & 7 Ave S,7331
383,40.735238,-74.000271,Greenwich Ave & Charles St,4638
385,40.75797322,-73.96603308,E 55 St & 2 Ave,4895
386,40.71494807,-74.00234482,Centre St & Worth St,2101
387,40.71273266,-74.0046073,Centre St & Chambers St,3968
388,40.749717753,-74.002950346,W 26 St & 10 Ave,3549
389,40.71044554,-73.96525063,Broadway & Berry St,2812
390,40.69221589,-73.9842844,Duffield St & Willoughby St,2022
391,40.69760127,-73.99344559,Clark St & Henry St,2278
392,40.695065,-73.987167,Jay St & Tech Pl,2883
393,40.72299208,-73.97995466,E 5 St & Avenue C,3280
394,40.72521311,-73.97768752,E 9 St & Avenue C,2399
396,40.680342423,-73.9557689392,Lefferts Pl & Franklin Ave,977
397,40.68415748,-73.96922273,Fulton St & Clermont Ave,1094
398,40.69165183,-73.99997859999999,Atlantic Ave & Furman St,3146
399,40.68851534,-73.9647628,Lafayette Ave & St James Pl,1428
400,40.71926081,-73.98178024,Pitt St & Stanton St,1080
401,40.72019576,-73.98997825,Allen St & Rivington St,5531
402,40.740343200000005,-73.98955109,Broadway & E 22 St,8228
403,40.72502876,-73.99069656,E 2 St & 2 Ave,4595
405,40.739323,-74.008119,Washington St & Gansevoort St,5623
406,40.69512845,-73.99595065,Hicks St & Montague St,1855
408,40.71076228,-73.99400398,Market St & Cherry St,1763
410,40.72066442,-73.98517977,Suffolk St & Stanton St,5204
411,40.72228087,-73.97668709,E 6 St & Avenue D,4886
412,40.715815500000005,-73.99422366,Forsyth St & Canal St,4888
415,40.7047177,-74.00926027,Pearl St & Hanover Square,3385
416,40.68753406,-73.97265183,Cumberland St & Lafayette Ave,1532
417,40.71291224,-74.01020234,Barclay St & Church St,2200
418,40.70224,-73.982578,Front St & Gold St,1272
419,40.69580705,-73.97355569,Carlton Ave & Park Ave,742
420,40.68764484,-73.96968902,Clermont Ave & Lafayette Ave,1170
421,40.69573398,-73.97129668,Clermont Ave & Park Ave,748
422,40.770513,-73.988038,W 59 St & 10 Ave,4382
423,40.76584941,-73.98690506,W 54 St & 9 Ave,4249
426,40.71754834,-74.01322069,West St & Chambers St,10769
427,40.701907,-74.013942,Bus Slip & State St,1896
432,40.72621788,-73.98379855,E 7 St & Avenue A,6395
434,40.74317449,-74.00366443,9 Ave & W 18 St,3675
435,40.74173969,-73.99415556,W 21 St & 6 Ave,12105
436,40.68216564,-73.95399026,Hancock St & Bedford Ave,1190
437,40.6809833854,-73.9500479759,Macon St & Nostrand Ave,1422
438,40.72779126,-73.98564945,St Marks Pl & 1 Ave,6690
439,40.726280700000004,-73.98978041,E 4 St & 2 Ave,5889
440,40.75255434,-73.97282625,E 45 St & 3 Ave,2478
442,40.746646999999996,-73.993915,W 27 St & 7 Ave,4960
443,40.70853074,-73.96408963,Bedford Ave & S 9 St,952
445,40.72740794,-73.98142006,E 10 St & Avenue A,9307
446,40.74487634,-73.99529885,W 24 St & 7 Ave,7094
447,40.76370739,-73.9851615,8 Ave & W 52 St,6306
448,40.75660359,-73.9979009,W 37 St & 10 Ave,5151
450,40.76227205,-73.98788205,W 49 St & 8 Ave,6091
453,40.74475148,-73.99915362,W 22 St & 8 Ave,6112
454,40.75455731,-73.96592976,E 51 St & 1 Ave,3361
455,40.75001986,-73.96905301,1 Ave & E 44 St,2517
456,40.75971079999999,-73.97402311,E 53 St & Madison Ave,3143
458,40.751396,-74.00522600000001,11 Ave & W 27 St,4460
460,40.71285887,-73.96590294,S 4 St & Wythe Ave,5199
461,40.73587678,-73.98205027,E 20 St & 2 Ave,3094
462,40.74691959,-74.00451887,W 22 St & 10 Ave,8197
464,40.75934501,-73.96759673,E 56 St & 3 Ave,2773
465,40.75513557,-73.98658032,Broadway & W 41 St,5009
466,40.74395411,-73.99144871,W 25 St & 6 Ave,5024
467,40.68312489,-73.97895137,Dean St & 4 Ave,1980
468,40.7652654,-73.98192338,Broadway & W 56 St,8241
469,40.76344058,-73.98268129,Broadway & W 53 St,3479
470,40.74345335,-74.00004031,W 20 St & 8 Ave,4944
471,40.71286844,-73.95698119,Grand St & Havemeyer St,2433
472,40.745712100000006,-73.98194829,E 32 St & Park Ave,5079
473,40.72110063,-73.99192540000001,Rivington St & Chrystie St,3935
474,40.7451677,-73.98683077,5 Ave & E 29 St,5004
476,40.74394314,-73.97966069,E 31 St & 3 Ave,6390
477,40.75640548,-73.9900262,W 41 St & 8 Ave,5904
478,40.76030096,-73.99884222,11 Ave & W 41 St,7078
479,40.76019252,-73.9912551,9 Ave & W 45 St,5553
480,40.76669671,-73.99061728,W 53 St & 10 Ave,5050
481,40.71260486,-73.96264403,S 3 St & Bedford Ave,3388
482,40.73935542,-73.99931783,W 15 St & 7 Ave,6178
483,40.73223272,-73.98889957,E 12 St & 3 Ave,5596
484,40.75500254,-73.98014437,W 44 St & 5 Ave,2749
485,40.75038009,-73.98338988,W 37 St & 5 Ave,2994
486,40.7462009,-73.98855723,Broadway & W 29 St,5041
487,40.73314259,-73.97573881,E 20 St & FDR Drive,3795
489,40.75066386,-74.00176802,10 Ave & W 28 St,5597
490,40.751551,-73.993934,8 Ave & W 33 St,6658
492,40.75019995,-73.99093085,W 33 St & 7 Ave,5782
493,40.7568001,-73.98291153,W 45 St & 6 Ave,2967
494,40.74734825,-73.99723551,W 26 St & 8 Ave,5723
495,40.76269882,-73.99301222,W 47 St & 10 Ave,5540
496,40.73726186,-73.99238967,E 16 St & 5 Ave,5299
497,40.73704984,-73.99009296,E 17 St & Broadway,10863
499,40.76915505,-73.98191841,Broadway & W 60 St,10031
500,40.76228826,-73.98336183,Broadway & W 51 St,2922
501,40.744219,-73.97121214,FDR Drive & E 35 St,7070
502,40.714211,-73.981095,Henry St & Grand St,4617
503,40.73827428,-73.98751968,E 20 St & Park Ave,5438
504,40.73221853,-73.98165557,1 Ave & E 16 St,7969
505,40.74901271,-73.98848395,6 Ave & W 33 St,7421
507,40.73912601,-73.97973776,E 25 St & 2 Ave,5454
508,40.76341379,-73.99667444,W 46 St & 11 Ave,3670
509,40.7454973,-74.00197139,9 Ave & W 22 St,8035
510,40.7606597,-73.98042047,W 51 St & 6 Ave,50
513,40.768254,-73.988639,W 56 St & 10 Ave,3454
514,40.76087502,-74.00277668,12 Ave & W 40 St,9351
515,40.76009437,-73.99461843,W 43 St & 10 Ave,6180
516,40.75206862,-73.96784384,E 47 St & 1 Ave,2186
517,40.751581,-73.97791,Pershing Square South,3505
519,40.751872999999996,-73.97770600000001,Pershing Square North,7944
522,40.75714758,-73.97207836,E 51 St & Lexington Ave,2138
525,40.75594159,-74.0021163,W 34 St & 11 Ave,4908
526,40.74765947,-73.98490707,E 33 St & 5 Ave,4438
528,40.74290902,-73.97706058,2 Ave & E 31 St,6415
529,40.75756989999999,-73.99098507,W 42 St & 8 Ave,3927
530,40.771496710544405,-73.99046033620834,11 Ave & W 59 St,4493
531,40.71893904,-73.99266288,Forsyth St & Broome St,4006
532,40.710451,-73.960876,S 5 Pl & S 5 St,6096
533,40.75299641,-73.98721619,Broadway & W 38 St,3162
534,40.70255065,-74.0127234,Water - Whitehall Plaza,1355
536,40.74144387,-73.97536082,1 Ave & E 30 St,4149
539,40.71534825,-73.96024116,Metropolitan Ave & Bedford Ave,4534
540,40.74311555376486,-73.98215353488922,Lexington Ave & E 29 St,3996
545,40.736502,-73.97809472,E 23 St & 1 Ave,5791
546,40.74444921,-73.98303529,E 30 St & Park Ave S,3344
2000,40.70255088,-73.98940236,Front St & Washington St,4391
2002,40.716887,-73.96319799999999,Wythe Ave & Metropolitan Ave,4290
2003,40.73381219196632,-73.9805442094803,1 Ave & E 18 St,6419
2005,40.70531194,-73.97100056,Railroad Ave & Kay Ave,91
2006,40.76590936,-73.97634151,Central Park S & 6 Ave,8405
2008,40.70569254,-74.01677685,Little West St & 1 Pl,6560
2009,40.71117444,-73.99682619,Catherine St & Monroe St,2350
2010,40.72170005235607,-74.00238141417502,Grand St & Greene St,3506
2012,40.739445,-73.97680600000001,E 27 St & 1 Ave,6175
2017,40.75022392,-73.97121414,E 43 St & 2 Ave,2573
2021,40.75929124,-73.98859651,W 45 St & 8 Ave,3596
2022,40.759107,-73.959223,E 60 St & York Ave,1079
3016,40.72036775298455,-73.96165072917937,Kent Ave & N 7 St,6569
3041,40.67890679,-73.94142771,Kingston Ave & Herkimer St,1398
3042,40.6794268,-73.92989109999999,Fulton St & Utica Ave,1598
3043,40.6814598,-73.934903,Lewis Ave & Decatur St,1080
3044,40.6800105,-73.938475,Albany Ave & Fulton St,566
3046,40.682601,-73.938037,Marcus Garvey Blvd & Macon St,917
3047,40.682368700000005,-73.944118,Halsey St & Tompkins Ave,1310
3048,40.684020000000004,-73.94977,Putnam Ave & Nostrand Ave,710
3049,40.68488,-73.96304,Cambridge Pl & Gates Ave,1248
3050,40.6851532,-73.94111,Putnam Ave & Throop Ave,1022
3052,40.686312,-73.935775,Lewis Ave & Madison St,1672
3053,40.6900815,-73.94791500000001,Marcy Ave & Lafayette Ave,1273
3054,40.6894932,-73.942061,Greene Ave & Throop Ave,1219
3055,40.68833370000001,-73.950916,Greene Ave & Nostrand Ave,1282
3056,40.69072549,-73.95133465,Kosciuszko St & Nostrand Ave,1235
3057,40.69128258,-73.9452416,Kosciuszko St & Tompkins Ave,1134
3058,40.69237074,-73.93705428,Lewis Ave & Kosciuszko St,1113
3059,40.693398200000004,-73.939877,Pulaski St & Marcus Garvey Blvd,833
3060,40.69425403,-73.94626915,Willoughby Ave & Tompkins Ave,1212
3061,40.69622937,-73.94371094,Throop Ave & Myrtle Ave,580
3062,40.69539817,-73.94954908,Myrtle Ave & Marcy Ave,958
3063,40.69527008,-73.95238108,Nostrand Ave & Myrtle Ave,818
3064,40.69681963,-73.93756926,Myrtle Ave & Lewis Ave,762
3065,40.70029511,-73.95032283,Union Ave & Wallabout St,610
3066,40.69957608,-73.94708417,Tompkins Ave & Hopkins St,634
3067,40.7016657,-73.9437303,Broadway & Whipple St,1403
3068,40.7031724,-73.940636,Humboldt St & Varet St,821
3069,40.70411791,-73.94818595,Lorimer St & Broadway,464
3070,40.70510918,-73.94407279,McKibbin St & Manhattan Ave,978
3071,40.70538077,-73.94976519,Boerum St & Broadway,1118
3072,40.70583339,-73.94644578,Leonard St & Boerum St,841
3074,40.70767788,-73.94016171,Montrose Ave & Bushwick Ave,1647
3075,40.70708701,-73.95796783,Division Ave & Marcy Ave,403
3076,40.70870368,-73.9448625,Scholes St & Manhattan Ave,2230
3077,40.70877084,-73.95095259,Stagg St & Union Ave,2802
3078,40.70924826276157,-73.96063148975372,Broadway & Roebling St,1648
3080,40.709340000000005,-73.95608,S 4 St & Rodney St,1828
3081,40.711863,-73.944024,Graham Ave & Grand St,2098
3082,40.71167351,-73.95141312,Hope St & Union Ave,2783
3083,40.71247661,-73.94100005,Bushwick Ave & Powers St,1109
3085,40.714690000000004,-73.95739,Roebling St & N 4 St,2234
3086,40.715143,-73.944507,Graham Ave & Conselyea St,2064
3087,40.71413311,-73.95234386,Metropolitan Ave & Meeker Ave,1880
3088,40.7160751,-73.95202900000001,Union Ave & Jackson St,1302
3092,40.7190095,-73.95852515,Berry St & N 8 St,3196
3093,40.71745169,-73.95850939,N 6 St & Bedford Ave,3907
3094,40.7169811,-73.94485918,Graham Ave & Withers St,1263
3095,40.71929301,-73.94500379,Graham Ave & Herbert St,698
3096,40.71924,-73.95241999999999,Union Ave & N 12 St,3429
3100,40.724812564400175,-73.94752621650694,Nassau Ave & Newell St,1498
3101,40.72079821,-73.95484712,N 12 St & Bedford Ave,2148
3102,40.72179134,-73.95041540000001,Driggs Ave & Lorimer St,1501
3105,40.724055,-73.955736,N 15 St & Wythe Ave,752
3106,40.72325,-73.94308000000001,Driggs Ave & N Henry St,1578
3107,40.72311651,-73.95212324,Bedford Ave & Nassau Ave,3064
3108,40.725570000000005,-73.94434,Nassau Ave & Russell St,1788
3109,40.72606,-73.95621,Banker St & Meserole Ave,1233
3110,40.72708584,-73.95299117,Meserole Ave & Manhattan Ave,1967
3112,40.72906,-73.95779,Milton St & Franklin St,3498
3113,40.730259999999994,-73.95394,Greenpoint Ave & Manhattan Ave,1857
3115,40.73232194,-73.9550858,India St & Manhattan Ave,2054
3116,40.732659999999996,-73.95826,Huron St & Franklin St,2138
3117,40.735640000000004,-73.95866,Franklin St & Dupont St,2266
3118,40.73555,-73.95284000000001,McGuinness Blvd & Eagle St,1771
3119,40.74232744,-73.95411749,Vernon Blvd & 50 Ave,1732
3121,40.74524768,-73.94733276,Jackson Ave & 46 Rd,727
3122,40.74436328706688,-73.95587325096129,48 Ave & 5 St,740
3123,40.74469738,-73.93540375,31 St & Thomson Ave,656
3124,40.74731,-73.95451,46 Ave & 5 St,2306
3125,40.74708586,-73.94977234,45 Rd & 11 St,1506
3126,40.74718234,-73.9432635,44 Dr & Jackson Ave,1836
3127,40.74966,-73.9521,9 St & 44 Rd,483
3128,40.75052534,-73.94594845,21 St & 43 Ave,339
3129,40.75110165,-73.94073717,Queens Plaza North & Crescent St,4160
3130,40.75325964,-73.94335788,21 St & Queens Plaza North,919
3131,40.76712840349542,-73.96224617958069,E 68 St & 3 Ave,764
3132,40.76350532,-73.97109243,E 59 St & Madison Ave,3211
3134,40.76312584,-73.96526895,3 Ave & E 62 St,3374
3135,40.77112927,-73.95772297,E 75 St & 3 Ave,2332
3136,40.766368,-73.971518,5 Ave & E 63 St,3631
3137,40.77282817,-73.96685276,5 Ave & E 73 St,6641
3139,40.77118287540658,-73.96409422159195,E 72 St & Park Ave,2233
3140,40.77140426,-73.9535166,1 Ave & E 78 St,6609
3141,40.76500525,-73.95818491,1 Ave & E 68 St,11914
3142,40.761227399999996,-73.96094022,1 Ave & E 62 St,6704
3143,40.77632142182271,-73.96427392959596,5 Ave & E 78 St,4261
3144,40.77677702,-73.95900970000001,E 81 St & Park Ave,1332
3145,40.77862688,-73.95772073,E 84 St & Park Ave,2189
3146,40.77573034,-73.9567526,E 81 St & 3 Ave,2183
3147,40.77801203,-73.95407149,E 85 St & 3 Ave,5669
3148,40.77565541,-73.95068615,E 84 St & 1 Ave,4211
3150,40.77536905,-73.94803392,E 85 St & York Ave,2244
3151,40.7728384,-73.94989233,E 81 St & York Ave,2952
3152,40.76873687,-73.96119945,3 Ave & E 71 St,2152
3154,40.77314236,-73.95856158,E 77 St & 3 Ave,2670
3156,40.76663814,-73.95348296,E 72 St & York Ave,4937
3157,40.77518615,-73.94446054,East End Ave & E 86 St,1770
3158,40.77163851,-73.98261428,W 63 St & Broadway,4634
3159,40.77492513,-73.98266566,W 67 St & Broadway,3536
3160,40.77896784,-73.97374737,Central Park West & W 76 St,3774
3161,40.7801839724239,-73.97728532552719,W 76 St & Columbus Ave,2837
3163,40.7734066,-73.97782542,Central Park West & W 68 St,6196
3164,40.7770575,-73.97898475,Columbus Ave & W 72 St,6756
3165,40.77579376683666,-73.97620573639871,Central Park West & W 72 St,6911
3166,40.780577990103346,-73.98562431335448,Riverside Dr & W 72 St,4797
3167,40.779668090073116,-73.98093044757842,Amsterdam Ave & W 73 St,6059
3169,40.78720869,-73.98128127,Riverside Dr & W 82 St,2601
3170,40.78499979,-73.97283406,W 84 St & Columbus Ave,3682
3171,40.78524672,-73.97667321,Amsterdam Ave & W 82 St,4287
3172,40.7785669,-73.97754961,W 74 St & Columbus Ave,2649
3173,40.777507027547976,-73.98888587951659,Riverside Blvd & W 67 St,4505
3175,40.77748046,-73.98288594,W 70 St & Amsterdam Ave,4507
3177,40.7867947,-73.977112,W 84 St & Broadway,2633
3178,40.78414472,-73.98362492,Riverside Dr & W 78 St,2103
3179,40.698617,-73.941342,Park Ave & Marcus Garvey Blvd,744
3182,40.686931,-74.016966,Yankee Ferry Terminal,1792
3184,40.7141454,-74.0335519,Paulus Hook,1
3185,40.717732500000004,-74.04384499999999,City Hall,2
3192,40.711242299999995,-74.0557013,Liberty Light Rail,1
3195,40.73089709786179,-74.06391263008119,Sip Ave,2
3196,40.7443187,-74.04399090000001,Riverview Park,3
3198,40.748715945380226,-74.04044330120088,Heights Elevator,7
3199,40.728744799999994,-74.03210820000001,Newport Pkwy,4
3202,40.7272235,-74.03375890000001,Newport PATH,4
3206,40.7311689,-74.0575736,Hilltop,1
3221,40.743,-73.93561,47 Ave & 31 St,699
3226,40.78275,-73.97137,W 82 St & Central Park West,2788
3231,40.76780080148132,-73.96592080593109,E 67 St & Park Ave,1356
3232,40.68962188790333,-73.98304268717766,Bond St & Fulton St,2561
3233,40.75724567911726,-73.97805914282799,E 48 St & 5 Ave,3075
3235,40.752165280621966,-73.97992193698882,E 41 St & Madison Ave,2285
3236,40.75898481399634,-73.99379968643187,W 42 St & Dyer Ave,3284
3241,40.686203000000006,-73.944694,Monroe St & Tompkins Ave,1499
3242,40.69102925677968,-73.99183362722397,Schermerhorn St & Court St,1515
3243,40.75892386377695,-73.96226227283478,E 58 St & 1 Ave (NE Corner),1181
3244,40.73143724085228,-73.99490341544151,University Pl & E 8 St,5339
3246,40.694281141397326,-73.99230033159256,Montague St & Clinton St,1775
3249,40.680356084043396,-73.94767910242079,Verona Pl & Fulton St,900
3254,40.69231660719192,-74.01486575603484,Soissons Landing,1720
3255,40.7505853470215,-73.9946848154068,8 Ave & W 31 St,6330
3256,40.7277140777778,-74.01129573583603,Pier 40 - Hudson River Park,8572
3259,40.74937024193277,-73.99923384189607,9 Ave & W 28 St,4577
3260,40.72706363348306,-73.99662137031554,Mercer St & Bleecker St,4573
3263,40.729514962249496,-73.99075269699097,Cooper Square & Astor Pl,5562
3273,40.72165072487999,-74.04288411140442,Manila & 1st,2
3275,40.71835519823214,-74.03891444206238,Columbus Drive,3
3282,40.78307,-73.95939,5 Ave & E 88 St,5686
3283,40.7882213,-73.97041561,W 89 St & Columbus Ave,3162
3284,40.781410700190015,-73.95595908164978,E 88 St & Park Ave,1735
3285,40.78839,-73.9747,W 87 St & Amsterdam Ave,2503
3286,40.7806284,-73.9521667,E 89 St & 3 Ave,2881
3287,40.789621999999994,-73.97757,W 87 St & West End Ave,2636
3288,40.778301,-73.9488134,E 88 St & 1 Ave,4186
3289,40.79017948095081,-73.97288918495178,W 90 St & Amsterdam Ave,2037
3290,40.7779453,-73.94604100000001,E 89 St & York Ave,2695
3292,40.785785100000005,-73.957481,5 Ave & E 93 St,2253
3293,40.7921,-73.9739,W 92 St & Broadway,2066
3294,40.7835016,-73.955327,E 91 St & Park Ave,1810
3296,40.78245417527987,-73.94891962409021,E 93 St & 2 Ave,1697
3297,40.668662700000006,-73.97988067,6 St & 7 Ave,1432
3298,40.686371,-73.99383324,Warren St & Court St,986
3299,40.788129999999995,-73.95206,E 98 St & Park Ave,1078
3300,40.66514681533792,-73.97637605667114,Prospect Park West & 8 St,1935
3301,40.7919557,-73.968087,Columbus Ave & W 95 St,5012
3302,40.7969347,-73.9643412291,Columbus Ave & W 103 St,848
3303,40.6849894,-73.99440329,Butler St & Court St,785
3304,40.668127,-73.98377641,6 Ave & 9 St,1125
3305,40.781122299341654,-73.94965589046478,E 91 St & 2 Ave,3550
3306,40.666207799999995,-73.98199886,10 St & 7 Ave,1135
3307,40.7941654,-73.974124,West End Ave & W 94 St,2687
3308,40.686175799999994,-73.99645295,Kane St & Clinton St,1245
3309,40.7859201,-73.94860294,E 97 St & 3 Ave,849
3310,40.663779,-73.98396846,14 St & 7 Ave,1504
3311,40.68763155,-74.0016256,Columbia St & Kane St,1035
3312,40.78172120000001,-73.94594000000001,1 Ave & E 94 St,2537
3313,40.666318100000005,-73.9854617,6 Ave & 12 St,1012
3314,40.7937704,-73.971888,W 95 St & Broadway,3308
3315,40.684751399999996,-73.99917254,Henry St & Degraw St,1190
3317,40.6686273,-73.98700053,10 St & 5 Ave,739
3318,40.7839636,-73.94716729999999,2 Ave & E 96 St,3582
3319,40.666287,-73.98895053,14 St & 5 Ave,1392
3321,40.683116399999996,-73.99785267,Clinton St & Union St,1116
3322,40.668603000000004,-73.99043940000001,12 St & 4 Ave,634
3323,40.798185600000004,-73.96059090060001,W 106 St & Central Park West,3636
3324,40.6685455,-73.99333264,3 Ave & 14 St,716
3325,40.7849032,-73.950503,E 95 St & 3 Ave,1493
3326,40.67434,-74.00194698,Clinton St & Centre St,382
3327,40.787721399999995,-73.94728331,3 Ave & E 100 St,879
3328,40.795,-73.9645,W 100 St & Manhattan Ave,3440
3329,40.6829151,-73.99318208,Degraw St & Smith St,1328
3330,40.672505799999996,-74.00494695,Henry St & Bay St,137
3331,40.8013434,-73.97114574390001,Riverside Dr & W 104 St,2833
3332,40.68199044270703,-73.99079024791719,Degraw St & Hoyt St,899
3333,40.6747055,-74.00755720000001,Columbia St & Lorraine St,199
3335,40.6772744,-73.98282002,Union St & 4 Ave,1578
3336,40.787801,-73.953559,E 97 St & Madison Ave,2749
3337,40.67363551341504,-74.01195555925368,Dwight St & Van Dyke St,478
3338,40.786258600000004,-73.94552579,2 Ave & E 99 St,1459
3339,40.6765304,-73.97846879,Berkeley Pl & 6 Ave,885
3340,40.6753274,-74.0100698,Wolcott St & Dwight St,167
3342,40.677774799999995,-74.0094613,Pioneer St & Richards St,236
3343,40.7997568,-73.9621128676,W 107 St & Columbus Ave,1405
3344,40.679043,-74.011169,Pioneer St & Van Brunt St,877
3345,40.78948541553215,-73.9524292945862,Madison Ave & E 99 St,2003
3346,40.675146838709786,-73.9752320945263,Berkeley Pl & 7 Ave,1708
3347,40.6773429,-74.01275056,Van Brunt St & Wolcott St,762
3348,40.677236,-74.015665,Coffey St & Conover St,711
3349,40.6729679,-73.97087984,Grand Army Plaza & Plaza St West,3934
3350,40.797372100000004,-73.97041192,W 100 St & Broadway,4028
3351,40.7869946,-73.94164802,E 102 St & 1 Ave,2555
3352,40.67267243410948,-74.00879524648191,Sigourney St & Columbia St,596
3354,40.668132,-73.97363831,3 St & Prospect Park West,2714
3355,40.768008893059466,-73.96845281124116,E 66 St & Madison Ave,1697
3356,40.7746671,-73.98470567,Amsterdam Ave & W 66 St,1820
3357,40.80083629999999,-73.9664492472,W 106 St & Amsterdam Ave,2080
3358,40.671197799999995,-73.97484126,Garfield Pl & 8 Ave,1253
3359,40.7691572,-73.96703464,E 68 St & Madison Ave,451
3361,40.6740886,-73.9787282,Carroll St & 6 Ave,1265
3362,40.7781314,-73.96069399,Madison Ave & E 82 St,2990
3363,40.7904828,-73.95033068,E 102 St & Park Ave,1381
3364,40.6751622,-73.9814832,Carroll St & 5 Ave,1418
3365,40.67038370000001,-73.97839676,3 St & 7 Ave,1622
3366,40.8021174,-73.9681805305,West End Ave & W 107 St,1833
3367,40.792255299999994,-73.95249933,5 Ave & E 103 St,3276
3368,40.672815500000006,-73.98352355,5 Ave & 3 St,2125
3369,40.7724607,-73.9468208,E 82 St & East End Ave,2085
3370,40.7727966,-73.95577801,E 78 St & 2 Ave,2128
3372,40.7689738,-73.95482273,E 74 St & 1 Ave,4336
3373,40.675070500000004,-73.98775226,3 St & 3 Ave,1066
3374,40.799484,-73.955613,Central Park North & Adam Clayton Powell Blvd,5010
3375,40.7699426,-73.96060712,3 Ave & E 72 St,1974
3376,40.76471851944339,-73.96222069859505,E 65 St & 2 Ave,2913
3377,40.6786115,-73.99037292,Carroll St & Bond St,1041
3378,40.773763,-73.96222088,E 76 St & Park Ave,2282
3379,40.790305100000005,-73.94755757,E 103 St & Lexington Ave,1662
3381,40.6777287,-73.99364123,3 St & Hoyt St,520
3382,40.680611,-73.99475825,Carroll St & Smith St,1341
3383,40.804213,-73.96699104,Cathedral Pkwy & Broadway,3112
3384,40.678724200000005,-73.99599099,Smith St & 3 St,1033
3386,40.6809591,-73.99905709,1 Pl & Clinton St,1037
3387,40.79343370000001,-73.94945003,E 106 St & Madison Ave,1461
3388,40.6828003,-73.99990419,President St & Henry St,883
3389,40.6830456,-74.00348559,Carroll St & Columbia St,107
3390,40.79329668,-73.9432083,E 109 St & 3 Ave,1131
3391,40.7892529,-73.93956237,E 106 St & 1 Ave,1199
3392,40.681211700000006,-74.00860912,Commerce St & Van Brunt St,512
3393,40.67943270000001,-74.00785041,Richards St & Delavan St,283
3394,40.6769993,-74.00647134,Columbia St & W 9 St,165
3395,40.6763744,-74.00324957,Henry St & W 9 St,241
3396,40.6783563,-74.00014502,Clinton St & 4 Place,946
3397,40.6763947,-73.99869893,Court St & Nelson St,917
3398,40.67469570000001,-73.99785768,Smith St & 9 St,863
3399,40.67260298150126,-73.98983001708984,7 St & 3 Ave,540
3400,40.796153499999996,-73.94782145,E 110 St & Madison Ave,2568
3402,40.6902375,-73.99203074,Court St & State St,2410
3403,40.6705135,-73.98876585,4 Ave & 9 St,1042
3404,40.670492200000005,-73.98541675,7 St & 5 Ave,782
3405,40.670483600000004,-73.98208968,5 St & 6 Ave,714
3407,40.67909799721684,-73.98765474557877,Union St & Nevins St,750
3408,40.6881529,-73.99520919,Congress St & Clinton St,1828
3409,40.686744299999994,-73.99063168,Bergen St & Smith St,3236
3410,40.686444200000004,-73.98759104,Dean St & Hoyt St,1302
3411,40.6849668,-73.98620772,Bond St & Bergen St,1152
3412,40.6853761,-73.98302136,Pacific St & Nevins St,1261
3414,40.680944723477296,-73.97567331790923,Bergen St & Flatbush Ave,1900
3415,40.6793307,-73.97519523,Prospect Pl & 6 Ave,1118
3416,40.67761470000001,-73.97324283,7 Ave & Park Pl,1894
3417,40.6795766,-73.97854971,Baltic St & 5 Ave,1636
3418,40.675020700000005,-73.97111473,Plaza St West & Flatbush Ave,1634
3419,40.67927879999999,-73.98154004,Douglass St & 4 Ave,1051
3420,40.6802133,-73.98432695,Douglass St & 3 Ave,800
3421,40.6843549,-73.98901629,Hoyt St & Warren St,488
3422,40.6859296,-74.00242364,Columbia St & Degraw St,1401
3423,40.6610633719006,-73.97945255041121,West Drive & Prospect Park West,5142
3424,40.791976,-73.945993,E 106 St & Lexington Ave,1406
3425,40.789210499999996,-73.94370784,2 Ave & E 104 St,1655
3426,40.70965083364061,-74.0686011314392,JCBS Depot,2
3429,40.68506807308177,-73.97790759801863,Hanson Pl & Ashland Pl,3280
3430,40.71907891179564,-73.94223690032959,Richardson St & N Henry St,1029
3435,40.718821999999996,-73.99596,Grand St & Elizabeth St,8288
3436,40.721319,-74.010065,Greenwich St & Hubert St,1679
3437,40.793134809866636,-73.97700369358063,Riverside Dr & W 91 St,2621
3440,40.692418292578466,-73.98949474096298,Fulton St & Adams St,2344
3443,40.76132983124814,-73.97982001304626,W 52 St & 6 Ave,3297
3452,40.71915571696044,-73.94885390996933,Bayard St & Leonard St,1221
3453,40.71335226222875,-73.9491033554077,Devoe St & Lorimer St,1708
3454,40.71036854235229,-73.94705951213838,Leonard St & Maujer St,1616
3456,40.716380319735606,-73.94821286201476,Jackson St & Leonard St,658
3457,40.763025942805186,-73.97209525108337,E 58 St & Madison Ave,2803
3461,40.71485150526252,-74.01122331619263,Murray St & Greenwich St,4173
3462,40.75118387463277,-73.97138714790343,E 44 St & 2 Ave,1836
3463,40.735367055605394,-73.98797392845155,E 16 St & Irving Pl,2551
3467,40.72494672359416,-74.00165855884552,W Broadway & Spring St,3786
3469,40.73181401720966,-73.95995020866394,India St & West St,1722
3472,40.742753828659026,-74.00747358798982,W 15 St & 10 Ave,3763
3477,40.65539977447831,-74.0106278657913,39 St & 2 Ave,648
3478,40.65708866668485,-74.00870203971863,2 Ave & 36 St,1267
3479,40.68512559515415,-74.02535319328308,Picnic Point,1317
3481,40.71649,-74.04105,York St,1
3483,40.71942,-74.05099,Montgomery St,1
3486,40.68841742754083,-73.98451656103134,Schermerhorn St & Bond St,2107
3490,40.796879,-73.93726099999999,E 116 St & 2 Ave,1010
3491,40.797470000000004,-73.93504,E 118 St & 1 Ave,1264
3492,40.8005385,-73.9419949,E 118 St & Park Ave,596
3493,40.799139000000004,-73.9389152,E 118 St & 3 Ave,1473
3494,40.797911,-73.9423,E 115 St & Lexington Ave,1219
3495,40.79456629999999,-73.9362541,E 114 St & 1 Ave,829
3496,40.7923272,-73.9383,1 Ave & E 110 St,1908
3497,40.794987899999995,-73.9333349,Pleasant Ave & E 116 St,2758
3498,40.7974772,-73.9311847,Pleasant Ave & E 120 St,965
3499,40.8006721,-73.9349,2 Ave & E 122 St,836
3500,40.7989445,-73.944846,E 115 St & Madison Ave,928
3501,40.801486600000004,-73.9442507,E 118 St & Madison Ave,1064
3502,40.79541210000001,-73.9441232,Lexington Ave & E 111 St,1474
3503,40.80295,-73.942954,Madison Ave & E 120 St,1007
3504,40.802926299999996,-73.9379,E 123 St & Lexington Ave,747
3505,40.805726,-73.936322,Lexington Ave & E 127 St,470
3506,40.8013066,-73.93981670000001,Lexington Ave & E 120 St,901
3507,40.8045555,-73.93968609999999,Park Ave & E 124 St,2427
3508,40.809725,-73.953149,St Nicholas Ave & Manhattan Ave,2562
3509,40.8011939,-73.9500739,Lenox Ave & W 115 St,1448
3510,40.8078316,-73.949373,Adam Clayton Powell Blvd & W 123 St,1381
3511,40.802535,-73.9532423,Adam Clayton Powell Blvd & W 115 St,1199
3513,40.774645,-73.92370600000001,21 St & Hoyt Ave S,1168
3514,40.7767,-73.927631,Astoria Park S & Shore Blvd,1591
3515,40.774591,-73.918544,24 Ave & 26 St,24
3516,40.76991760000001,-73.91840570000001,31 St & Astoria Blvd,790
3517,40.771152799999996,-73.9170074,31 St & Hoyt Ave N,540
3518,40.808442,-73.94520870000001,Lenox Ave & W 126 St,3008
3520,40.804372,-73.951475,Adam Clayton Powell Blvd & W 118 St,1263
3521,40.7987859,-73.9523,Lenox Ave & W 111 St,3527
3522,40.7701477,-73.9120938,37 St & 24 Ave,676
3523,40.7729,-73.91614200000001,24 Ave & 29 St,743
3524,40.777455200000006,-73.9225403,19 St & 24 Ave,811
3525,40.776165,-73.9153175,23 Ave & 27 St,561
3526,40.7747878,-73.91255509999999,31 St & 23 Ave,1549
3527,40.806979999999996,-73.94174699999999,5 Ave & E 126 St,1362
3528,40.771393700000004,-73.9077436,Steinway St & 23 Ave,923
3529,40.8107922,-73.9430681,Lenox Ave & W 130 St,1335
3530,40.7787185,-73.9145645,Crescent St & Ditmars Blvd,683
3531,40.8125511,-73.9492286,Frederick Douglass Blvd & W 129 St,825
3532,40.78145,-73.9183302,Ditmars Blvd & 19 St,1127
3533,40.8114323,-73.95187759999999,St. Nicholas Ave & W 126 St,2843
3534,40.805159,-73.95469200000001,Frederick Douglass Blvd & W 117 St,3852
3535,40.804038,-73.945925,Mt Morris Park W & W 120 St,1626
3536,40.8082,-73.9641,W 116 St & Broadway,1457
3537,40.68097410000001,-73.97100970000001,Carlton Ave & Dean St,1684
3538,40.802692,-73.96295,W 110 St & Amsterdam Ave,2351
3539,40.8067581,-73.9607082,W 116 St & Amsterdam Ave,1318
3540,40.81,-73.9551508,Morningside Ave & W 123 St,1155
3541,40.813358,-73.956461,Amsterdam Ave & W 125 St,1004
3542,40.8086249,-73.9596214,Amsterdam Ave & W 119 St,840
3543,40.81028506306003,-73.95736455917357,Morningside Dr & Amsterdam Ave,456
3544,40.6804836,-73.9646795,Underhill Ave & Pacific St,1204
3545,40.8120562,-73.9612547,Broadway & W 122 St,798
3546,40.67919439999999,-73.95879029999999,Pacific St & Classon Ave,402
3547,40.8143256,-73.9590255,Broadway & Moylan Pl,1188
3549,40.678045000000004,-73.962408,Grand Ave & Bergen St,1235
3551,40.795508,-73.94160600000001,3 Ave & E 112 St,775
3552,40.805973,-73.964928,W 113 St & Broadway,1882
3553,40.801694,-73.957145,Frederick Douglass Blvd & W 112 St,3408
3554,40.7552433,-73.94856779999999,Vernon Blvd & 41 Rd,680
3555,40.751047,-73.93796999999999,28 St & 41 Ave,1210
3557,40.75742,-73.945133,40 Ave & 9 St,674
3558,40.6794388,-73.96804379999999,Bergen St & Vanderbilt Ave,2330
3559,40.7576314,-73.9391224,21 St & 38 Ave,166
3561,40.7531106,-73.9279917,37 Ave & 35 St,648
3562,40.676519799999994,-73.9596082,Classon Ave & St Marks Ave,1434
3563,40.757186,-73.93271899999999,28 St & 36 Ave,544
3564,40.760185299999996,-73.9362726,21 St & 36 Ave,550
3565,40.7614376,-73.9411265,36 Ave & 10 St,645
3566,40.7596276,-73.93214549999999,Crescent St & 35 Ave,563
3567,40.76274420000001,-73.9391141,11 St & 35 Ave,149
3568,40.756933200000006,-73.92622309999999,34 St & 35 Ave,778
3569,40.6758324,-73.95616770000001,Franklin Ave & St Marks Ave,1113
3570,40.7557327,-73.92366109999999,35 Ave & 37 St,826
3571,40.676368,-73.95291800000001,Bedford Ave & Bergen St,2065
3572,40.756913,-73.921631,34 Ave & 38 St,1549
3573,40.7580583,-73.92427509999999,35 St & 34 Ave,685
3574,40.6769694,-73.96579,Prospect Pl & Underhill Ave,904
3575,40.76108,-73.930562,Crescent St & 34 Ave,845
3576,40.6767,-73.969024,Park Pl & Vanderbilt Ave,1988
3577,40.762813799999996,-73.9342862,34 Ave & 21 St,362
3578,40.67418060000001,-73.95649470000001,Park Pl & Franklin Ave,1122
3579,40.672695000000004,-73.954131,Sterling Pl & Bedford Ave,1433
3580,40.6737236,-73.9631611,St Johns Pl & Washington Ave,1380
3581,40.674012299999994,-73.9671457,Underhill Ave & Lincoln Pl,1384
3582,40.672168299999996,-73.9609,Lincoln Pl & Classon Ave,495
3583,40.6716493,-73.9631145,Eastern Pkwy & Washington Ave,1480
3584,40.670776700000005,-73.9576801,Eastern Pkwy & Franklin Ave,1804
3585,40.6691783,-73.9554162,Union St & Bedford Ave,723
3586,40.763875299999995,-73.9364848,34 Ave & 13 St,347
3587,40.6686744,-73.9618148,Carroll St & Washington Ave,475
3588,40.7671863,-73.9373554,Vernon Blvd & 10 St,974
3589,40.7668,-73.93477740000002,Broadway & 12 St,596
3590,40.6679411,-73.9588,Carroll St & Franklin Ave,592
3591,40.7659,-73.930819,21 St & 31 Dr,935
3592,40.7633589,-73.92864709999999,Crescent St & Broadway,1520
3593,40.761584,-73.925921,31 St & Broadway,1746
3595,40.760339,-73.9222427,35 St & Broadway,1012
3596,40.6642406,-73.9574686,Sullivan Pl & Bedford Ave,280
3597,40.7577284,-73.9166368,43 St & Broadway,1362
3598,40.7595701,-73.91426779999999,Newton Rd & 44 St,1008
3600,40.761148799999994,-73.9170071,31 Ave & Steinway St,1530
3601,40.6627059,-73.9569115,Sterling St & Bedford Ave,1144
3602,40.763154,-73.920827,31 Ave & 34 St,1680
3603,40.7647,-73.9240312,31 Ave & 30 St,1073
3604,40.6630619,-73.95387459999999,Rogers Ave & Sterling St,1290
3605,40.765834600000005,-73.9265474,31 Ave & Crescent St,1011
3606,40.74252,-73.948852,49 Ave & 21 St,351
3607,40.7682,-73.9322662,31 Ave & 14 St,536
3608,40.7423737,-73.9566,5 St & 51 Ave,426
3609,40.7692475,-73.93545040000001,Vernon Blvd & 31 Ave,943
3610,40.770845,-73.93417099999999,Vernon Blvd & 30 Rd,1177
3611,40.7449067,-73.9534573,Vernon Blvd & 47 Rd,1196
3612,40.77037429999999,-73.9286078,30 Ave & 21 St,643
3613,40.745038,-73.957539,Center Blvd & 48 Ave,1046
3614,40.768692,-73.9249574,Crescent St & 30 Ave,1130
3615,40.748000000000005,-73.94609270000001,44 Dr & 21 St,1182
3616,40.7656251,-73.9136695,Steinway St & 28 Ave,1652
3617,40.7671,-73.9169858,28 Ave & 35 St,1056
3618,40.7485,-73.941275,27 St & Hunter St,1469
3619,40.7713615,-73.9246145,Newtown Ave & 23 St,1023
3620,40.7519071,-73.94791190000001,11 St & 43 Ave,453
3621,40.7739825,-73.93091340000001,27 Ave & 9 St,720
3622,40.807559999999995,-73.93918199999999,E 128 St & Madison Ave,663
3623,40.8109494,-73.9634,W 120 St & Claremont Ave,1039
3628,40.8025566,-73.9490782,Lenox Ave & W 117 St,2289
3629,40.809495347779475,-73.94776493310928,Adam Clayton Powell Blvd & W 126 St,2192
3630,40.8038654,-73.95593079999999,Frederick Douglass Blvd & W 115 St,2311
3635,40.754623240291046,-73.99516761302948,W 36 St & 9 Ave,2845
3637,40.68323865460341,-73.96599590778352,Fulton St & Waverly Ave,1803
3638,40.7242941,-74.0354826,Washington St,5
3641,40.74286877312112,-73.98918628692627,Broadway & W 25 St,7623
3646,40.763154819103725,-73.93985509872438,35 Ave & 10 St,493
3647,40.74128309355993,-73.93725872039794,48 Ave & 30 Pl,380
3648,40.69795031569544,-73.97077560424805,Flushing Ave & Vanderbilt Ave,1787
3649,40.81439443791581,-73.95324736833571,W 129 St & Convent Ave,537
3654,40.75186951421875,-73.93349289894103,31 St & Northern Blvd,603
3656,40.72307749068673,-73.98583620786667,E 2 St & Avenue A,5500
3658,40.7435337324616,-74.00367558002472,W 18 St & 9 Ave,1550
3661,40.666439306870814,-73.96055638790129,Montgomery St & Franklin Ave,347
3664,40.72019521437465,-74.0103006362915,North Moore St & Greenwich St,4977
3668,40.7239567849954,-73.94984364509583,Leonard St & Nassau Ave,1618
3671,40.77477944895728,-73.95427465438844,E 81 St & 2 Ave,3367
3673,40.67759206937376,-73.95563721656801,Dean St & Franklin Ave,1867
3674,40.70140317257725,-73.98672670125961,Jay St & York St,2468
3676,40.675832943912894,-74.01472628116608,Van Brunt St & Van Dyke St,1337
3677,40.72755146730012,-74.07106071710588,Glenwood Ave,1
3680,40.754120810779256,-73.98025184869765,E 43 St & 5 Ave,2175
3681,40.71517767732029,-74.03768330812454,Grand St,1
3686,40.73944820130404,-74.00507032871245,Gansevoort St & Hudson St,5109
3687,40.74322681432173,-73.97449783980845,E 33 St & 1 Ave,9048
3689,40.79904139288298,-73.96649479866028,W 104 St & Amsterdam Ave,1858
3690,40.71334184275907,-74.00935515761375,Park Pl & Church St,1982
3691,40.76408932350689,-73.9106512069702,28 Ave & 44 St,836
3693,40.72248188638219,-73.95921930670737,N 11 St & Kent Ave,1211
3697,40.77515953434235,-73.98918695747851,W 64 St & Thelonious Monk Circle,3773
3699,40.76360467795863,-73.98917958140373,W 50 St & 9 Ave,4349
3704,40.7437524099784,-73.94176483154297,47 Ave & Skillman Ave,184
3707,40.741459000000006,-73.983293,Lexington Ave & E 26 St,6336
3708,40.735445,-73.99431,W 13 St & 5 Ave,4252
3709,40.73804614248277,-73.99642959237099,W 15 St & 6 Ave,6030
3711,40.72966729392978,-73.98067966103555,E 13 St & Avenue A,10531
3712,40.754691750226016,-73.9974018931389,W 35 St & Dyer Ave,2568
3714,40.70684203101325,-73.9544353965357,Division Ave & Hooper St,1051
3715,40.71816969454208,-73.95520135760306,Driggs Ave & N 9 St,2876
3716,40.7535992020056,-73.9379560947418,40 Ave & Crescent St,552
3718,40.727464206923926,-73.97950418293476,E 11 St & Avenue B,805
3721,40.7675487799971,-73.92093345522879,31 St & Newtown Ave,1883
3723,40.69531727766904,-73.99015724658966,Cadman Plaza E & Johnson St,1363
3724,40.7667405590595,-73.9790689945221,7 Ave & Central Park South,6021
3725,40.7687620293096,-73.95840793848038,2 Ave & E 72 St,5354
3726,40.74336608027021,-73.95960688591003,Center Blvd & 51 Ave,1763
3727,40.71766197083994,-73.94880026578903,Frost St & Meeker Ave,950
3728,40.69535693320225,-73.99344027042389,Pierrepont St & Monroe Pl,1089
3731,40.758396999999995,-73.98255,W 47 St & 6 Ave,1769
3733,40.730563000000004,-73.973984,Avenue C & E 18 St,2709
3734,40.759125,-73.96265799999999,E 58 St &  1 Ave (NW Corner),2857
3735,40.752694,-74.002353,W 30 St & 10 Ave,6457
3737,40.720746999999996,-73.986274,Stanton St & Norfolk St,3932
3738,40.719383,-73.991479,Delancey St & Eldridge St,2090
3739,40.735918,-74.000939,Perry St & Greenwich Ave,2931
3740,40.726378000000004,-74.000472,W Broadway & W Houston St,3380
3744,40.725864,-73.986389,1 Ave & E 5 St,5097
3745,40.75651272984955,-73.92957486212252,36 Ave & 31 St,1133
3746,40.72430832160217,-74.00473035871983,6 Ave & Broome St,4838
3749,40.747573958954796,-73.97880077362059,Lexington Ave & E 36 St,1327
3755,40.69064807082943,-73.95746178925037,DeKalb Ave & Franklin Ave,1595
3756,40.704508000000004,-73.9351,White St & Moore St,837
3757,40.710681,-73.93372,Stagg St & Morgan Ave,489
3758,40.702996999999996,-73.92997,George St & Wilson Ave,810
3759,40.70538,-73.92535,Irving Ave & Jefferson St,812
3760,40.705614000000004,-73.92153,Willoughby Ave & Wyckoff Ave,657
3761,40.697842,-73.926241,Cedar St & Myrtle Ave,557
3762,40.677027,-73.9865,3 Ave & Carroll St,516
3763,40.707165,-73.923711,Wyckoff Av & Jefferson St,711
3764,40.705517,-73.93936,Bushwick Ave & McKibbin St,483
3765,40.709897,-73.94008000000001,Bushwick Ave & Stagg St,425
3766,40.715353,-73.93856,Sharon St & Olive St,1215
3767,40.713229999999996,-73.93894,Powers St & Olive St,575
3768,40.710190000000004,-73.93734,Waterbury St & Stagg St,605
3769,40.707174,-73.93581,White St & Johnson Ave,215
3770,40.702831,-73.9333,Central Ave & Flushing Ave,671
3771,40.706237,-73.933871,McKibbin St & Bogart St,1154
3772,40.713811,-73.93515,Devoe St & Morgan Ave,583
3773,40.70539,-73.92976,Knickerbocker Ave & Thames St,986
3774,40.704425,-73.92836,Knickerbocker Ave & George St,872
3775,40.702013,-73.923769,Suydam St & Knickerbocker Ave,1446
3776,40.700003,-73.92834,Central Ave & Starr Street,595
3777,40.699304,-73.92304399999999,Stockholm St & Wilson Ave,937
3778,40.7027,-73.92095,Irving Ave & DeKalb Ave,702
3779,40.704876,-73.919911,Hart St & Wyckoff Ave,329
3780,40.703545,-73.917775,Wyckoff Av & Stanhope St,802
3781,40.698568,-73.918877,Greene Av & Myrtle Av,554
3782,40.698458,-73.997178,Brooklyn Bridge Park - Pier 2,2130
3783,40.70838,-74.00495,Cliff St & Fulton St,3420
3785,40.75492,-73.98455,W 42 St & 6 Ave,3745
3786,40.714193,-73.996732,Division St & Bowery,2526
3787,40.69985,-73.97140999999999,Dock 72 Way & Market St,881
3789,40.68186,-73.95943199999999,Fulton St & Irving Pl,1165
3790,40.7003,-73.99158100000001,Henry St & Middagh St,1152
3792,40.71687,-74.03281,Columbus Dr at Exchange Pl,3
3793,40.732339777151054,-73.97898383438587,Stuyvesant Walk & 1 Av Loop,442
3795,40.671907,-73.993612,10 St & 2 Ave,337
3798,40.752269,-73.982079,W 40 St & 5 Ave,3411
3799,40.74964,-73.98805,6 Ave & W 34 St,6571
3803,40.665816,-73.95693399999999,Bedford Ave & Montgomery St,738
3804,40.702461,-73.98684200000001,Front St & Jay St,2346
3808,40.752474,-73.939991,24 St & 41 Ave,764
3809,40.763189000000004,-73.978434,W 55 St & 6 Ave,4883
3811,40.77485,-73.9342,27 Ave & 3 St,352
3812,40.734814,-73.992085,University Pl & E 14 St,8416
3813,40.745686,-74.00514100000001,W 20 St & 10 Ave,4666
3814,40.761573,-73.972628,E 56 St & Madison Ave,2162
3815,40.755293,-73.967641,E 51 St & 2 Ave,3712
3816,40.714290000000005,-73.93323000000001,Metropolitan Ave & Vandervoort Ave,101
3817,40.717729999999996,-73.94051,Withers St & Kingsland Ave,604
3818,40.72984,-73.94839,Calyer St & Jewel St,773
3819,40.733959999999996,-73.95204,Green St & McGuinness Blvd,419
3820,40.69757,-73.93098,Willoughby Ave & Myrtle Ave,1180
3821,40.70106,-73.93318000000001,Evergreen Ave & Noll St,733
3822,40.700759999999995,-73.93641,Bushwick Ave & Forrest St,547
3823,40.700990000000004,-73.93921,Beaver St & Fayette St,1140
3824,40.6786,-73.90369,Van Sinderen Ave & Truxton St,439
3825,40.68139,-73.90756,Broadway & Furman Ave,226
3826,40.68458,-73.90925,Moffat St & Bushwick,231
3827,40.68565,-73.91564,Halsey St & Broadway,802
3828,40.68652,-73.91320999999999,Eldert St & Bushwick Ave,315
3829,40.6882,-73.90798000000001,Central Ave & Decatur St,337
3830,40.68858,-73.91226999999999,Halsey St & Evergreen Ave,305
3831,40.68663,-73.9168,Broadway & Hancock St,677
3832,40.69055,-73.91181,Central Ave & Weirfield St,512
3833,40.69122,-73.91693000000001,Madison St & Evergreen Ave,230
3834,40.69467,-73.90663,Irving Ave & Halsey St,404
3835,40.69385,-73.90974,Knickerbocker Ave & Hancock St,410
3836,40.69146,-73.92146,Bushwick Ave & Linden St,491
3837,40.693290000000005,-73.92851999999999,Broadway & Kosciuszko St,814
3838,40.69356,-73.92524,Bushwick Ave & Harman St,636
3839,40.69545,-73.91164,Putnam Ave & Knickerbocker Ave,429
3840,40.69811,-73.90904,Putnam Ave & Wyckoff Ave,363
3841,40.69543,-73.9196,Menahan St & Central Ave,331
3842,40.69502,-73.92825,Bushwick Ave & Dekalb Ave,581
3843,40.69905,-73.91516,Myrtle Ave & Grove St,285
3844,40.69943,-73.91337,Myrtle Ave & Linden St,481
3845,40.70108,-73.9179,Irving Ave & Harman St,733
3846,40.69676,-73.92302,Central Ave & Himrod St,520
3847,40.696709999999996,-73.92806999999999,Cedar St & Evergreen Ave,348
3848,40.695440000000005,-73.93223,Suydam St & Broadway,960
3849,40.70636,-73.91945,Suydam St & St. Nicholas Ave,307
3850,40.709070000000004,-73.92156999999999,Jefferson St & Cypress Ave,504
3851,40.714009999999995,-73.92793,Metropolitan Ave & Stewart Ave,116
3852,40.708690000000004,-73.92586999999999,Stewart Ave & Johnson Ave,253
3853,40.70686,-73.92851,Harrison Pl & Porter Ave,401
3854,40.716657,-73.93637,Morgan Ave & Maspeth Ave,527
3855,40.71882,-73.93948,Frost St & Debevoise Ave,385
3856,40.725770000000004,-73.94173,Kingsland Ave & Nassau Ave,1353
3857,40.721579999999996,-73.94546,Engert Ave & McGuinness Blvd,553
3858,40.73124,-73.95161,Kent St & McGuinness Blvd,487
3859,40.72795,-73.95414,Lorimer St & Calyer St,1101
3860,40.70166,-73.92754000000001,Wilson Ave & Troutman St,754
3861,40.70113,-73.91422,Menahan St & Wyckoff Ave,370
3862,40.697140000000005,-73.91566,Linden St & Knickerbocker Ave,201
3863,40.69296,-73.91605,Central Ave & Woodbine St,419
3864,40.68929,-73.90951,Central Ave & Covert St,258
3865,40.69081,-73.90448,Knickerbocker Ave & Cooper St,324
3866,40.68906,-73.90505999999999,Wilson Ave & Moffat St,349
3867,40.67945,-73.90474,Somers St & Broadway,96
3868,40.693000000000005,-73.90824,Knickerbocker Ave & Halsey St,349
3869,40.692,-73.92617,Van Buren St & Broadway,545
3870,40.697480999999996,-73.935877,Melrose St & Broadway,1035
3871,40.682809999999996,-73.90623000000001,Bushwick Ave & Furman Ave,200
3872,40.6972,-73.90674,Hancock St & Wyckoff Ave,244
3873,40.70068,-73.90742,Madison St & Cypress Ave,323
3874,40.704609999999995,-73.91054,Menahan St & Seneca Ave,317
3875,40.6988,-73.9007,Stephen St & Seneca Ave,63
3876,40.699220000000004,-73.89795,Forest Ave & Summerfield St,574
3877,40.70555,-73.90245,Madison St & Forest Ave,488
3878,40.69812,-73.90271,Cypress Ave & George St,154
3879,40.68822,-73.91966,Broadway & Madison St,826
3880,40.7098,-73.91727,Willoughby Ave & Onderdonk Ave,170
3881,40.818298999999996,-73.96040500000001,12 Ave & W 125 St,2806
3882,40.695170000000005,-73.90311,Norman St & Wyckoff Ave,454
3883,40.70577,-73.91292,Harman St & Seneca Ave,132
3884,40.699690000000004,-73.9022,Centre St & Seneca Ave,169
3885,40.70413,-73.90737,Onderdonk Ave & Gates Ave,165
3886,40.705529999999996,-73.9096,Menahan St & Onderdonk Ave,264
3887,40.71246,-73.91873000000001,Flushing Ave & Woodward Ave,379
3888,40.70793,-73.91091999999999,Woodward Ave & Harman St,297
3890,40.69047,-73.923511,Grove St & Broadway,1020
3891,40.698,-73.9127,Irving Ave & Palmetto St,538
3892,40.75473,-73.93366999999999,38 Ave & 29 St,866
3893,40.68319988172761,-73.91166642308234,Rockaway Ave & Bainbridge St,832
3894,40.740983,-74.00170200000001,8 Ave & W 16 St,881
3895,40.70157340873792,-73.90876293182373,Cypress Ave & Palmetto St,188
3896,40.70183,-73.90625,Madison St & Seneca Ave,280
3897,40.70863,-73.91497,Onderdonk Ave & Dekalb Ave,227
3898,40.763954,-73.9646,E 63 St & 3 Ave,1468
3899,40.72084,-73.94844,Manhattan Av & Leonard St,766
3900,40.72226,-73.93889,Morgan Ave & Lombardy St,675
3901,40.70998,-73.91116,Stanhope St & Fairview Ave,228
3902,40.70694,-73.90632,Fairview Ave & Linden St,279
3903,40.689890000000005,-73.91458,Jefferson Ave & Evergreen Ave,463
3905,40.732647,-73.99011,4 Ave & E 12 St,4617
3906,40.711444,-74.014847,West St & Liberty St,8912
3907,40.70112,-73.93039,Central Ave & Melrose St,486
3909,40.70408,-73.90408000000001,Madison St & Woodward Ave,397
3910,40.709697,-73.90785600000001,Greene Ave & Grandview Ave,276
3911,40.683426000000004,-73.984275,Wyckoff St & Nevins St,970
3913,40.699569,-73.979827,Sands St Gate,1307
3914,40.783786,-73.981687,West End Ave & W 78 St,1654
3916,40.708484999999996,-74.002751,Pearl St & Peck Slip,2702
3917,40.69178,-73.97877,Willoughby St & Ashland Pl,672
3918,40.72387,-73.975767,Avenue D & E 8 St,1935
3919,40.704370000000004,-74.00636999999999,Wall St & South St,3165
3920,40.810224,-73.93719499999999,E 132 St & Madison Ave,836
3921,40.805701,-73.925177,Willis Ave & Bruckner Blvd,392
3922,40.807466,-73.92710699999999,Alexander Ave & E 134 St,341
3923,40.808484,-73.928803,Lincoln Ave & E 134 St,282
3924,40.810893,-73.927311,Lincoln Ave & E 138 St,493
3925,40.812304,-73.929153,E 138 St & Canal St W,226
3926,40.810140000000004,-73.93973000000001,5 Ave & W 131 St,849
3927,40.81296,-73.941878,Lenox Ave & W 133 St,801
3928,40.813539,-73.94521,Adam Clayton Powell Blvd & W 132 St,1069
3929,40.81093,-73.92160600000001,Willis Ave & E 141 St,436
3930,40.812734999999996,-73.923697,E 142 St & 3 Ave,280
3931,40.814469,-73.924963,Morris Ave & E 142 St,307
3932,40.816576,-73.927987,Grand Concourse & E 144 St,292
3933,40.817755,-73.92965,Gerard Ave & E 146 St,242
3934,40.816234,-73.948222,St Nicholas Ave & E 134 St,1272
3935,40.816355,-73.954295,Amsterdam Ave & W 131 St,399
3936,40.820003,-73.959089,W 133 St & 12 Ave,1048
3937,40.805089,-73.91888900000001,E 135 St & St Ann's Ave,197
3938,40.802620000000005,-73.9174,E 133 St & Cypress Pl,21
3939,40.800933,-73.913863,Willow Ave & E 133 St,303
3940,40.800425,-73.911034,E 134 St & Walnut Ave,77
3941,40.801657,-73.909513,Walnut Ave & E 136 St,102
3942,40.8190344,-73.95615600000001,Broadway & W 133 St,623
3944,40.818215,-73.950988,Convent Ave & W 135 St,335
3945,40.819746,-73.951819,Amsterdam Ave & W 136 St,444
3946,40.818477,-73.947568,St Nicholas Ave & W 137 St,987
3947,40.804168,-73.91154499999999,E 138 St & Willow Ave,80
3948,40.805559,-73.91471800000001,E 138 St & Cypress Ave,169
3949,40.807408,-73.91924,Brook Ave & E 138 St,361
3950,40.809619,-73.917875,Brook Ave & E 141 St,115
3951,40.808633,-73.916124,E 141 St & St Ann's Ave,260
3952,40.806896,-73.911837,E 141 St & Jackson Ave,152
3953,40.82281,-73.937413,W 147 St & Adam Clayton Powell Blvd,655
3955,40.808890999999996,-73.91081,St Mary's St & Jackson Ave,266
3956,40.811112,-73.914932,St. Ann's Ave & E 144 St,146
3957,40.811675,-73.917037,E 144 St & Brook Ave,165
3958,40.812298999999996,-73.92036999999999,Willis Ave & E 143 St,251
3959,40.823498,-73.94386,Edgecombe Ave & W 145 St,1076
3960,40.822756,-73.951346,Hamilton Pl & W 140 St,483
3961,40.820036,-73.92141099999999,Morris Ave & E 153 St,221
3963,40.816827,-73.917338,Melrose Ave & E 150 St,645
3964,40.814383,-73.915368,Brook Ave & E 148 St,223
3965,40.814046000000005,-73.91186,E 149 St & Eagle Ave,155
3966,40.811314,-73.907729,Wales Ave & E 147 St,207
3967,40.826969,-73.949738,W 146 St & Broadway,800
3968,40.814232000000004,-73.903927,Prospect Ave & E 151 St,312
3969,40.815887,-73.911918,St Ann's Ave & Westchester Ave,156
3970,40.819609,-73.916071,Melrose Ave & E 154 St,173
3972,40.822215,-73.914688,E 158 St & Melrose Ave,176
3973,40.827212,-73.942722,St Nicholas Ave & W 150 St,558
3975,40.820713,-73.911759,Brook Ave & E 157 St,234
3976,40.819823,-73.91241099999999,E 156 & Brook Ave,309
3977,40.81899,-73.90202,Prospect Ave & Longwood Ave,182
3978,40.82188,-73.907521,Cauldwell Ave & E 161 St,182
3980,40.829522999999995,-73.94427900000001,Amsterdam Ave & W 152 St,381
3981,40.830476000000004,-73.939929,Harlem River Dr & W 155 St,216
3982,40.817166,-73.914737,Bergen Ave & E 152 St,138
3983,40.817802,-73.905203,Westchester Ave & E 156 St,128
3984,40.824013,-73.95474300000001,W 140 St & Riverside Dr,289
3985,40.820302000000005,-73.903944,E 160 St & Tinton Ave,100
3986,40.81734,-73.922962,E 149 St & Morris Ave,533
3987,40.813134999999996,-73.909235,E 149 St & Jackson Ave,286
3988,40.805631,-73.934077,E 128 St & 3 Ave,137
3989,40.808384000000004,-73.923604,Willis Ave & E 137 St,470
3992,40.8428422,-73.9421253,W 169 St & Fort Washington Ave,1290
3994,40.802554,-73.933509,2 Ave & E 125 St,1080
3995,40.812191,-73.937838,5 Ave & E 135 St,645
3996,40.806414000000004,-73.93608499999999,Lexington Ave & E 128 St,391
3997,40.815484000000005,-73.935856,5 Av & W 139 St,1078
3998,40.813619,-73.939336,W 135 St & Lenox Terrace Pl,929
3999,40.81695971032464,-73.9422959089279,Adam Clayton Powell Blvd & W 138 St,1542
4000,40.819783,-73.936521,Lenox Ave & W 144 St,807
4001,40.821111,-73.935971,Lenox Ave & W 146 St,318
4002,40.820877,-73.939249,W 144 St & Adam Clayton Powell Blvd,776
4004,40.820681,-73.945144,Edgecombe Ave & W 141 St,1723
4005,40.821294,-73.947868,St. Nicholas Terrace & Convent Ave,248
4006,40.814673,-73.91839,E 147 St & Bergen Ave,234
4007,40.823168,-73.955857,Riverside Dr & W 138 St,892
4009,40.827304999999996,-73.951989,Riverside Dr & W 145 St,569
4010,40.825244,-73.947257,W 145 St & Amsterdam Ave,518
4011,40.816124,-73.908116,Westchester Ave & Jackson Ave,343
4012,40.827075,-73.945909,W 148 St & Amsterdam Ave,504
4013,40.828309999999995,-73.942924,Convent Ave & W 151 St,177
4014,40.829114000000004,-73.95042600000001,Riverside Dr & W 148 St,950
4015,40.829229999999995,-73.936996,W 155 St & Frederick Douglass Blvd,420
4016,40.812346000000005,-73.946168,Adam Clayton Powell Blvd & W 130 St,613
4017,40.81449,-73.936153,E 138 St & 5 Av,698
4018,40.817555,-73.957163,Broadway & W 131 St,514
4019,40.803399,-73.919763,St. Ann's Av & Bruckner Blvd,168
4020,40.825125,-73.941616,Bradhurst Ave & W 148 St,1006
4021,40.813224,-73.930605,E 138 St & Grand Concourse,124
4023,40.819241,-73.941057,Adam Clayton Powell Blvd & W 141 St,913
4024,40.826406,-73.93794799999999,Macombs Pl & W 152 St,401
4025,40.826881,-73.941427,Edgecombe Ave & W 150 St,204
4027,40.830663,-73.941323,St. Nicholas Ave & W 155 St,443
4028,40.830702,-73.936371,Frederick Douglass Blvd & Harlem River Dr,221
4029,40.816402000000004,-73.919549,Courtlandt Ave & E 149 St,321
4030,40.822267,-73.916792,Courtlandt Ave & E 157 St,196
4031,40.81989,-73.908351,Cauldwell Ave & E 158 St,86
4032,40.820570000000004,-73.917579,E 155 St & Courtlandt Ave,118
4034,40.821728,-73.952761,Hamilton Pl & W 138 St,366
4035,40.831327,-73.946665,Broadway & W 153 St,395
4036,40.7639089,-73.9477213,Motorgate,1939
4037,40.757284000000006,-73.9536,Roosevelt Island Tramway,1977
4038,40.75370225419114,-73.95865201950072,Southpoint Park,766
4040,40.742684734875695,-73.98671329021455,Madison Ave & E 26 St,3321
4041,40.825289,-73.93623199999999,Adam Clayton Powell Blvd & W 151 St,338
4043,40.782535857724106,-73.97908508777618,W 78 St & Amsterdam Ave,4039
4044,40.75461,-73.99176999999999,8 Ave & W 38 St,6467
4045,40.77237,-73.99005,West End Ave & W 60 St,5017
4047,40.832081,-73.942386,Amsterdam Ave & W 156 St,254
4048,40.832314000000004,-73.94102,St. Nicholas Ave & W 157 St,280
4050,40.833303,-73.939326,W 159 St & Edgecombe Ave,120
4051,40.834468,-73.939865,W 160 St & St. Nicholas Ave,391
4052,40.83618,-73.939789,Amsterdam Ave & W 162 St,275
4053,40.835798,-73.937496,W 163 St & Edgecombe Ave,80
4054,40.839278,-73.94544599999999,W 163 St & Riverside Dr,238
4055,40.84004,-73.942939,W 165 St & Fort Washington Ave,606
4056,40.839137,-73.941409,Broadway & W 165 St,506
4057,40.839443,-73.937044,Amsterdam Ave & W 167 St,383
4058,40.75863,-73.97513000000001,Madison Av & E 51 St,2099
4059,40.842940999999996,-73.938631,W 171 St & St. Nicholas Ave,423
4060,40.842172999999995,-73.93511099999999,Amsterdam Ave & W 172 St,262
4061,40.84522,-73.940493,Fort Washington Ave & W 173 St,567
4062,40.844044,-73.933651,Amsterdam Ave & W 175 St,245
4063,40.846052,-73.937648,Wadsworth Ave & W 175 St,294
4064,40.807347437082,-73.90809774398805,Southern Blvd & E 142 St,45
4065,40.848467,-73.936064,Wadsworth Ave & W 179 St,519
4066,40.847305,-73.933291,Audobon Ave & W 179 St,189
4067,40.847396,-73.931205,Amsterdam Ave & W 180 St,195
4068,40.852252,-73.937854,Fort Washington Ave & W 183 St,1063
4069,40.848282,-73.941343,Cabrini Blvd & W 177 St,330
4070,40.849971999999994,-73.938423,W 180 St & Ft Washington Ave,635
4071,40.835775,-73.9434,Broadway & W 160 St,843
4072,40.757936462436746,-73.97960275411606,W 48 St & Rockefeller Plaza,1952
4073,40.75969995906254,-73.9780819416046,W 51 St & Rockefeller Plaza,2055
4074,40.838190999999995,-73.93608499999999,Edgecombe Ave & W 167 St,166
4075,40.78476,-73.969862,Central Park West & W 85 St,4766
4076,40.820089,-73.928947,E 150 St & Gerard Ave,505
4078,40.823732,-73.919379,Concourse Village East & E 158 St,296
4079,40.828846999999996,-73.91769000000001,Grant Ave & E 164 St,495
4080,40.831444,-73.926226,Jerome Ave & E 164 St,151
4081,40.83173,-73.922394,Gerard Ave & E 165 St,168
4082,40.833909000000006,-73.92112,Gerard Ave & McClellan St,151
4083,40.836490000000005,-73.918316,Walton Ave & E 168 St,272
4084,40.835334,-73.9154,Sheridan Ave & E 168 St,271
4085,40.839549,-73.913004,Grand Concourse & E 171 St,359
4086,40.840536,-73.919228,Inwood Ave & W 170 St,143
4087,40.84207,-73.926075,W 170 St & University Ave,277
4088,40.843965000000004,-73.920999,Nelson Ave & W 172 St,408
4090,40.823429,-73.924689,Grand Concourse & E 156 St,174
4091,40.829797,-73.931015,Jerome Ave & Ogden Ave,32
4092,40.830179,-73.928747,Jerome Ave & Anderson Ave,164
4093,40.827115,-73.92272,Grand Concourse & E 161 St,557
4094,40.825716,-73.915585,Park Ave & E 162 St,359
4095,40.83263,-73.925101,E 165 St & Jerome Ave,69
4096,40.834263,-73.917641,Grand Concourse & E 167 St,470
4098,40.839312,-73.922423,Shakespeare Ave & W 169 St,203
4099,40.834015,-73.908863,E 169 St & Webster Ave,289
4101,40.826677000000004,-73.929327,E 153 St & E 157 St,165
4102,40.829608,-73.921461,Grand Concourse & E 164 St,357
4103,40.834457,-73.928381,Ogden Ave & W 165 St,330
4104,40.818212,-73.955277,Old Broadway & W 133 St,104
4105,40.823161999999996,-73.92326700000001,Concourse Village West & E 156 St,194
4106,40.832812,-73.929372,Ogden Ave & W 164 St,243
4107,40.837213,-73.908345,E 170 St & Clay Ave,40
4108,40.843264000000005,-73.90486700000001,Clay Ave & E 173 St,233
4109,40.84925,-73.93021999999999,Amsterdam Ave & W 183 St,494
4110,40.72506551015475,-73.97515833377837,Avenue D & E 10 St,2502
4112,40.78294,-73.93077,Wards Meadow Comfort Station,880
4113,40.793459999999996,-73.92389,Icahn Stadium,372
4114,40.79558,-73.91906,Sunken Meadow Comfort Station,361
4115,40.80046,-73.92404,Bronx Shore Comfort Station,260
4116,40.830262,-73.92339100000001,Gerard Ave & E 164 St,159
4117,40.66407983678161,-73.96025128666679,Sullivan Pl & Franklin Ave,1998
4120,40.74949854602521,-73.97729203113158,E 39 St & Lexington Ave,5960
4121,40.74714,-73.97113,1 Ave & E 39 St,6426
4122,40.79249519495111,-73.9641706646307,Central Park W & W 97 St,4733
4123,40.79603684159984,-73.96158903853575,Central Park W & W 103 St,2357
4124,40.78866499127884,-73.96680057048799,Central Park W & W 91 St,3758
4125,40.827883,-73.927111,E 161 St & River Ave,1135
4126,40.825737,-73.927311,E 157 St & River Ave,390
4127,40.839141999999995,-73.925961,Ogden Ave & Merriam Ave,154
4128,40.837576,-73.910489,College Ave & E 170 St,207
4129,40.832057,-73.927421,Anderson Ave & W 164 St,112
4130,40.831584,-73.9149,Morris Ave & McClellan St,299
4131,40.844075,-73.91725600000001,Goble Pl & Macombs Rd,364
4132,40.812769,-73.901583,Southern Blvd & Avenue St. John,225
4133,40.815077,-73.899939,Beck St & Leggett Ave,127
4134,40.816342999999996,-73.896447,Longwood Ave & Southern Blvd,250
4135,40.819701,-73.90131099999999,Westchester Ave & Longwood Ave,333
4136,40.824,-73.91089000000001,Washington Ave & E 163 St,86
4137,40.823871999999994,-73.908699,3 Ave & E 163 St,202
4138,40.82696,-73.907451,3 Ave & Franklin Ave,259
4139,40.824796,-73.90241999999999,Tinton Ave & E 165 St,238
4140,40.822545,-73.901824,E 163 St & Union Ave,189
4141,40.818185,-73.894143,Southern Blvd & Tiffany St,176
4142,40.816126000000004,-73.891559,Barry St & Tiffany St,20
4143,40.813990999999994,-73.8855,Hunts Point Ave & Bryant Ave,49
4144,40.816567,-73.888161,Lafayette Ave & Hunts Point Ave,5
4146,40.818743,-73.890247,Garrison Ave & Manida St,1
4147,40.821075,-73.89506899999999,E 163 St & Tiffany St,150
4148,40.821967,-73.896752,Intervale Ave & Westchester Ave,183
4149,40.82895,-73.90521,E 167 St & Franklin Ave,128
4150,40.836103,-73.907199,E 170 St & Webster Ave,301
4151,40.832678,-73.905158,3 Ave & E 169 St,410
4152,40.830471,-73.904556,Fulton Ave & E 168 St,108
4153,40.82394,-73.894025,E 165 St & Fox St,16
4154,40.820578000000005,-73.888271,Faile St & Garrison Ave,178
4155,40.827184,-73.893721,E 169 St & Fox St,182
4156,40.83545,-73.90153000000001,Fulton Ave & St. Paul's Pl,179
4157,40.833246,-73.896599,Boston Rd & Prospect Ave,74
4158,40.830529,-73.894717,Freeman St & Reverend James A Polite Ave,218
4159,40.839586,-73.900277,3 Ave & E 172 St,356
4160,40.843078999999996,-73.900216,Washington Ave & E 174 St,38
4161,40.842240000000004,-73.8985,3 Ave & E 174 St,330
4162,40.834123999999996,-73.88955,Southern Blvd & E 172 St,384
4163,40.832648999999996,-73.885272,Boone Ave & E 172 St,32
4164,40.836273999999996,-73.88430799999999,E 174 St & Longfellow Ave,7
4165,40.82809,-73.91288,E 165 St & Clay Ave,83
4166,40.82441,-73.92818,River Ave & E 153 St,579
4167,40.84301,-73.91171999999999,Grand Concourse & East Mount Eden Ave,719
4168,40.842675,-73.90854399999999,Mount Eden Pkwy & Eastburn Ave,17
4169,40.83899,-73.9109,Morris Ave & E 171 St,41
4170,40.828975,-73.911259,Webster Ave & E 166 St,49
4171,40.828199,-73.903719,Boston Rd & E 167 St,106
4172,40.829896000000005,-73.907618,Washington Ave & E 167 St,165
4173,40.825322,-73.88772900000001,Longfellow Ave & E 165 St,14
4174,40.834857,-73.903743,3 Ave & E 170 St,180
4175,40.838378999999996,-73.905838,E 171 St & Webster Ave,152
4177,40.831762,-73.89685300000001,Prospect Ave & Jennings St,97
4179,40.830051,-73.892103,Freeman St & Southern Blvd,32
4180,40.830025,-73.886312,West Farms Rd & Boone Ave,81
4182,40.831998,-73.892686,Louis Nine Blvd & Intervale Ave,151
4185,40.839335,-73.886445,Southern Blvd & E 175 St,9
4186,40.818154,-73.925294,E 149 St & Park Ave,181
4188,40.83299,-73.94592,Broadway & W 155 St,540
4189,40.83579,-73.913741,Grant Ave & E 169 St,87
4190,40.840683,-73.91507299999999,Walton Ave & E 171 St,283
4191,40.827301,-73.896372,Intervale Ave & Kelly St,81
4192,40.826303,-73.898751,Prospect Ave & E 167 St,34
4193,40.85168,-73.94185999999999,W 181 St & Riverside Dr,1263
4194,40.840484000000004,-73.917946,Plaza Dr & W 170 St,309
4195,40.830940000000005,-73.91125,E 167 St & Clay Ave,279
4198,40.824811,-73.91640699999999,E 161 St & Park Ave,92
4199,40.83406,-73.92243,River Ave & McClellan St,275
4201,40.83999,-73.90549,Clay Ave & Claremont Pkwy,203
4202,40.819998999999996,-73.897263,Dawson St & Intervale Ave,81
4204,40.826706,-73.888719,E 167 St & Bryant Ave,6
4205,40.841091999999996,-73.892317,Crotona Park North & Prospect Ave,21
4206,40.811892,-73.90419200000001,Southern Blvd & E 149 St,38
4207,40.83130549267296,-73.91744792461395,Sherman Ave & E 166 St,185
4209,40.838706,-73.92703399999999,University Ave & W 168 St,24
4210,40.831959999999995,-73.91956,Grand Concourse & E 166 St,175
4211,40.82995,-73.898802,Union Ave & E 169 St,4
4212,40.83171,-73.90208,Franklin Ave & E 169 St,86
4213,40.835302,-73.895133,Wilkins Ave & Crotona Park E,71
4220,40.823060999999996,-73.941928,Frederick Douglass Blvd & W 145 St,37
4222,40.822216999999995,-73.928939,River Ave & E 151 St,217
4225,40.696232971293156,-73.99142056703569,Clinton St & Tillary St,685
4227,40.837037,-73.890413,Crotona Park East & E 173 St,22
4228,40.839194,-73.888587,Waterloo Pl & Crotona Park East,83
4229,40.840494,-73.911479,Sheridan Ave & E 172 St,4
4230,40.8358771,-73.89314279999999,Charlotte St & Boston Rd,1
