start station id,start station latitude,start station longitude,start station name,count
72,40.76727216,-73.99392888,W 52 St & 11 Ave,3738
79,40.71911552,-74.00666661,Franklin St & W Broadway,2396
82,40.71117416,-74.00016545,St James Pl & Pearl St,1283
83,40.68382604,-73.97632328,Atlantic Ave & Fort Greene Pl,1965
116,40.74177603,-74.00149746,W 17 St & 8 Ave,5059
119,40.69608941,-73.97803415,Park Ave & St Edwards St,515
120,40.68676793,-73.95928168,Lexington Ave & Classon Ave,1541
127,40.73172428,-74.00674436,Barrow St & Hudson St,5355
128,40.72710258,-74.00297088,MacDougal St & Prince St,5838
143,40.69239502,-73.99337909,Clinton St & Joralemon St,1814
144,40.69839895,-73.98068914,Nassau St & Navy St,1236
146,40.71625008,-74.0091059,Hudson St & Reade St,2708
150,40.720873600000004,-73.98085795,E 2 St & Avenue C,3504
151,40.72210378668603,-73.99724900722505,Cleveland Pl & Spring St,8245
152,40.71473993,-74.00910627,Warren St & W Broadway,383
157,40.69089272,-73.99612349,Henry St & Atlantic Ave,2196
161,40.72917025,-73.99810231,LaGuardia Pl & W 3 St,4865
164,40.75323098,-73.97032517,E 47 St & 2 Ave,2962
168,40.73971301,-73.99456405,W 18 St & 6 Ave,3028
173,40.76068327096592,-73.98452728986742,Broadway & W 49 St,5515
174,40.7381765,-73.97738662,E 25 St & 1 Ave,4140
212,40.74334935,-74.00681753,W 16 St & The High Line,3835
216,40.70037867,-73.99548059,Columbia Heights & Cranberry St,997
217,40.70277159,-73.99383605,Old Fulton St,3253
223,40.73781509,-73.99994661,W 13 St & 7 Ave,4345
224,40.71146364,-74.00552427,Spruce St & Nassau St,2497
228,40.7546011026,-73.971878855,E 48 St & 3 Ave,2581
229,40.72743423,-73.99379025,Great Jones St,5400
236,40.7284186,-73.98713956,St Marks Pl & 2 Ave,7678
237,40.73047309,-73.98672378,E 11 St & 2 Ave,1119
238,40.7361967,-74.00859207,Bank St & Washington St,3601
239,40.69196566,-73.9813018,Willoughby St & Fleet St,1999
241,40.68981035,-73.97493121,DeKalb Ave & S Portland Ave,2620
242,40.697787,-73.973736,Carlton Ave & Flushing Ave,885
244,40.69196035,-73.96536851,Willoughby Ave & Hall St,1541
245,40.69327018,-73.97703874,Myrtle Ave & St Edwards St,1204
247,40.73535398,-74.00483091,Perry St & Bleecker St,4846
248,40.72185379,-74.00771779,Laight St & Hudson St,1042
249,40.71870987,-74.0090009,Harrison St & Hudson St,1433
250,40.72456089,-73.99565293,Lafayette St & Jersey St,5562
251,40.72317958,-73.99480012,Mott St & Prince St,6253
252,40.73226398,-73.99852205,MacDougal St & Washington Sq,3970
254,40.73532427,-73.99800419,W 11 St & 6 Ave,3531
257,40.71939226,-74.00247214,Lispenard St & Broadway,3595
258,40.68940747,-73.96885458,DeKalb Ave & Vanderbilt Ave,2302
259,40.70122128,-74.01234218,South St & Whitehall St,3350
260,40.70365182,-74.01167797,Broad St & Bridge St,1616
261,40.69474881,-73.98362464,Johnson St & Gold St,1248
262,40.6917823,-73.97372990000001,Washington Park,1727
264,40.70706456,-74.00731853,Maiden Ln & Pearl St,2405
265,40.72229346,-73.99147535,Stanton St & Chrystie St,3951
267,40.75097711,-73.98765428,Broadway & W 36 St,2814
268,40.71910537,-73.99973337,Howard St & Centre St,3578
270,40.69308257,-73.97178913,Adelphi St & Myrtle Ave,1497
274,40.68691865,-73.976682,Lafayette Ave & Fort Greene Pl,2526
275,40.68650065,-73.96563307,Washington Ave & Greene Ave,1244
276,40.71748752,-74.0104554,Duane St & Greenwich St,1775
278,40.69766564,-73.98476437,Concord St & Bridge St,1244
280,40.73331967,-73.99510132,E 10 St & 5 Ave,3052
281,40.764397100000004,-73.97371465,Grand Army Plaza & Central Park S,957
282,40.7076449441757,-73.96841526031494,Kent Ave & S 11 St,3006
284,40.7390169121,-74.0026376103,Greenwich Ave & 8 Ave,7756
285,40.73454567,-73.99074142,Broadway & E 14 St,7717
289,40.684568299999995,-73.95881081,Monroe St & Classon Ave,834
291,40.713126,-73.984844,Madison St & Montgomery St,2249
293,40.73020660529954,-73.99102628231049,Lafayette St & E 8 St,6670
295,40.71406667,-73.99293911,Pike St & E Broadway,2954
297,40.734232,-73.986923,E 15 St & 3 Ave,6356
298,40.68683208,-73.9796772,3 Ave & Schermerhorn St,2003
301,40.72217444,-73.98368779,E 2 St & Avenue B,5854
302,40.72082834,-73.97793172,Avenue D & E 3 St,2874
303,40.72362738,-73.99949601,Mercer St & Spring St,4106
304,40.70463334,-74.01361706,Broadway & Battery Pl,3859
305,40.76095756,-73.96724467,E 58 St & 3 Ave,5220
307,40.71427487,-73.98990025,Canal St & Rutgers St,5764
308,40.71307916,-73.99851193,St James Pl & Oliver St,2483
309,40.7149787,-74.013012,Murray St & West St,3177
310,40.68926942,-73.98912867,State St & Smith St,1907
311,40.7172274,-73.98802084,Norfolk St & Broome St,5054
312,40.722055,-73.989111,Allen St & Stanton St,5512
313,40.69610226,-73.96751037,Washington Ave & Park Ave,1391
315,40.70355377,-74.00670227,South St & Gouverneur Ln,3372
316,40.70955958,-74.00653609,Fulton St & William St,2601
317,40.72453734,-73.98185424,E 6 St & Avenue B,6199
319,40.711065999999995,-74.009447,Fulton St & Broadway,5348
320,40.717571,-74.005549,Leonard St & Church St,3281
321,40.69991755,-73.98971773,Cadman Plaza E & Red Cross Pl,1296
323,40.69236178,-73.98631746,Lawrence St & Willoughby St,2471
324,40.689888,-73.981013,DeKalb Ave & Hudson Ave,1916
325,40.73624527,-73.98473765,E 19 St & 3 Ave,5341
326,40.72953837,-73.98426726,E 11 St & 1 Ave,1252
327,40.715337899999994,-74.01658354,Vesey Pl & River Terrace,4464
328,40.72405549,-74.00965965,Watts St & Greenwich St,3327
330,40.71450451,-74.00562789,Reade St & Broadway,2123
331,40.71173107,-73.99193043,Pike St & Monroe St,2774
332,40.71219906,-73.97948148,Cherry St,2892
334,40.74238787,-73.99726235,W 20 St & 7 Ave,5231
335,40.72903917,-73.99404649,Washington Pl & Broadway,3444
336,40.73047747,-73.99906065,Sullivan St & Washington Sq,4405
340,40.71269042,-73.98776323,Madison St & Clinton St,2989
341,40.71782143,-73.97628939,Stanton St & Mangin St,2447
342,40.71739973,-73.98016555,Columbia St & Rivington St,2228
343,40.69794,-73.96986848,Clinton Ave & Flushing Ave,986
344,40.6851443,-73.95380904,Monroe St & Bedford Ave,1427
346,40.73652889,-74.00618026,Bank St & Hudson St,4378
347,40.728846000000004,-74.00859100000001,Greenwich St & W Houston St,4873
349,40.71850211,-73.98329859,Rivington St & Ridge St,3644
350,40.71559509,-73.9870295,Clinton St & Grand St,6339
351,40.70530954,-74.00612572,Front St & Maiden Ln,1650
353,40.68539567,-73.97431458,S Portland Ave & Hanson Pl,1370
354,40.69363137,-73.96223558,Emerson Pl & Myrtle Ave,1768
355,40.71602118,-73.99974372,Bayard St & Baxter St,3957
356,40.71622644,-73.98261206,Bialystoker Pl & Delancey St,209
358,40.73291553,-74.00711384,Christopher St & Greenwich St,8745
359,40.75510267,-73.97498696,E 47 St & Park Ave,3499
360,40.70717936,-74.00887308,William St & Pine St,3932
361,40.71605866,-73.99190759,Allen St & Hester St,5250
362,40.75172632,-73.98753523,Broadway & W 37 St,2353
363,40.70834698,-74.01713445,West Thames St,2526
364,40.68900443,-73.96023854,Lafayette Ave & Classon Ave,1452
366,40.693261,-73.968896,Clinton Ave & Myrtle Ave,2043
367,40.75828065,-73.97069431,E 53 St & Lexington Ave,3198
368,40.73038599,-74.00214988,Carmine St & 6 Ave,8430
369,40.73224119,-74.00026394,Washington Pl & 6 Ave,4290
372,40.694546087246025,-73.95801365375519,Franklin Ave & Myrtle Ave,853
373,40.69331716,-73.95381995,Willoughby Ave & Walworth St,1236
376,40.70862144,-74.00722156,John St & William St,2334
377,40.72243797,-74.00566443,6 Ave & Canal St,2313
379,40.749156,-73.9916,W 31 St & 7 Ave,5558
380,40.73401143,-74.00293877,W 4 St & 7 Ave S,7276
383,40.735238,-74.000271,Greenwich Ave & Charles St,4524
385,40.75797322,-73.96603308,E 55 St & 2 Ave,4850
386,40.71494807,-74.00234482,Centre St & Worth St,2127
387,40.71273266,-74.0046073,Centre St & Chambers St,3937
388,40.749717753,-74.002950346,W 26 St & 10 Ave,3547
389,40.71044554,-73.96525063,Broadway & Berry St,2802
390,40.69221589,-73.9842844,Duffield St & Willoughby St,2004
391,40.69760127,-73.99344559,Clark St & Henry St,2347
392,40.695065,-73.987167,Jay St & Tech Pl,2850
393,40.72299208,-73.97995466,E 5 St & Avenue C,3271
394,40.72521311,-73.97768752,E 9 St & Avenue C,2409
396,40.680342423,-73.9557689392,Lefferts Pl & Franklin Ave,969
397,40.68415748,-73.96922273,Fulton St & Clermont Ave,1180
398,40.69165183,-73.99997859999999,Atlantic Ave & Furman St,3126
399,40.68851534,-73.9647628,Lafayette Ave & St James Pl,1449
400,40.71926081,-73.98178024,Pitt St & Stanton St,1079
401,40.72019576,-73.98997825,Allen St & Rivington St,5361
402,40.740343200000005,-73.98955109,Broadway & E 22 St,8210
403,40.72502876,-73.99069656,E 2 St & 2 Ave,4526
405,40.739323,-74.008119,Washington St & Gansevoort St,5453
406,40.69512845,-73.99595065,Hicks St & Montague St,1848
408,40.71076228,-73.99400398,Market St & Cherry St,1741
410,40.72066442,-73.98517977,Suffolk St & Stanton St,5194
411,40.72228087,-73.97668709,E 6 St & Avenue D,4900
412,40.715815500000005,-73.99422366,Forsyth St & Canal St,4780
415,40.7047177,-74.00926027,Pearl St & Hanover Square,3412
416,40.68753406,-73.97265183,Cumberland St & Lafayette Ave,1515
417,40.71291224,-74.01020234,Barclay St & Church St,2188
418,40.70224,-73.982578,Front St & Gold St,1250
419,40.69580705,-73.97355569,Carlton Ave & Park Ave,701
420,40.68764484,-73.96968902,Clermont Ave & Lafayette Ave,1198
421,40.69573398,-73.97129668,Clermont Ave & Park Ave,741
422,40.770513,-73.988038,W 59 St & 10 Ave,5318
423,40.76584941,-73.98690506,W 54 St & 9 Ave,4285
426,40.71754834,-74.01322069,West St & Chambers St,10425
427,40.701907,-74.013942,Bus Slip & State St,1807
432,40.72621788,-73.98379855,E 7 St & Avenue A,6384
434,40.74317449,-74.00366443,9 Ave & W 18 St,3232
435,40.74173969,-73.99415556,W 21 St & 6 Ave,12052
436,40.68216564,-73.95399026,Hancock St & Bedford Ave,1202
437,40.6809833854,-73.9500479759,Macon St & Nostrand Ave,1426
438,40.72779126,-73.98564945,St Marks Pl & 1 Ave,6691
439,40.726280700000004,-73.98978041,E 4 St & 2 Ave,5775
440,40.75255434,-73.97282625,E 45 St & 3 Ave,2468
442,40.746646999999996,-73.993915,W 27 St & 7 Ave,4989
443,40.70853074,-73.96408963,Bedford Ave & S 9 St,934
445,40.72740794,-73.98142006,E 10 St & Avenue A,9370
446,40.74487634,-73.99529885,W 24 St & 7 Ave,7150
447,40.76370739,-73.9851615,8 Ave & W 52 St,6278
448,40.75660359,-73.9979009,W 37 St & 10 Ave,5159
450,40.76227205,-73.98788205,W 49 St & 8 Ave,7130
453,40.74475148,-73.99915362,W 22 St & 8 Ave,6083
454,40.75455731,-73.96592976,E 51 St & 1 Ave,3395
455,40.75001986,-73.96905301,1 Ave & E 44 St,2505
456,40.75971079999999,-73.97402311,E 53 St & Madison Ave,3183
458,40.751396,-74.00522600000001,11 Ave & W 27 St,4438
460,40.71285887,-73.96590294,S 4 St & Wythe Ave,5182
461,40.73587678,-73.98205027,E 20 St & 2 Ave,3113
462,40.74691959,-74.00451887,W 22 St & 10 Ave,8154
464,40.75934501,-73.96759673,E 56 St & 3 Ave,2824
465,40.75513557,-73.98658032,Broadway & W 41 St,5053
466,40.74395411,-73.99144871,W 25 St & 6 Ave,4962
467,40.68312489,-73.97895137,Dean St & 4 Ave,1963
468,40.7652654,-73.98192338,Broadway & W 56 St,9051
469,40.76344058,-73.98268129,Broadway & W 53 St,3876
470,40.74345335,-74.00004031,W 20 St & 8 Ave,4954
471,40.71286844,-73.95698119,Grand St & Havemeyer St,2415
472,40.745712100000006,-73.98194829,E 32 St & Park Ave,5274
473,40.72110063,-73.99192540000001,Rivington St & Chrystie St,3304
474,40.7451677,-73.98683077,5 Ave & E 29 St,4954
476,40.74394314,-73.97966069,E 31 St & 3 Ave,6538
477,40.75640548,-73.9900262,W 41 St & 8 Ave,6517
478,40.76030096,-73.99884222,11 Ave & W 41 St,7137
479,40.76019252,-73.9912551,9 Ave & W 45 St,5614
480,40.76669671,-73.99061728,W 53 St & 10 Ave,5079
481,40.71260486,-73.96264403,S 3 St & Bedford Ave,3338
482,40.73935542,-73.99931783,W 15 St & 7 Ave,6145
483,40.73223272,-73.98889957,E 12 St & 3 Ave,5612
484,40.75500254,-73.98014437,W 44 St & 5 Ave,2746
485,40.75038009,-73.98338988,W 37 St & 5 Ave,3059
486,40.7462009,-73.98855723,Broadway & W 29 St,4912
487,40.73314259,-73.97573881,E 20 St & FDR Drive,3774
489,40.75066386,-74.00176802,10 Ave & W 28 St,5601
490,40.751551,-73.993934,8 Ave & W 33 St,7041
492,40.75019995,-73.99093085,W 33 St & 7 Ave,6046
493,40.7568001,-73.98291153,W 45 St & 6 Ave,2937
494,40.74734825,-73.99723551,W 26 St & 8 Ave,5701
495,40.76269882,-73.99301222,W 47 St & 10 Ave,5576
496,40.73726186,-73.99238967,E 16 St & 5 Ave,5183
497,40.73704984,-73.99009296,E 17 St & Broadway,10551
499,40.76915505,-73.98191841,Broadway & W 60 St,10106
500,40.76228826,-73.98336183,Broadway & W 51 St,3178
501,40.744219,-73.97121214,FDR Drive & E 35 St,7273
502,40.714211,-73.981095,Henry St & Grand St,4804
503,40.73827428,-73.98751968,E 20 St & Park Ave,5269
504,40.73221853,-73.98165557,1 Ave & E 16 St,7978
505,40.74901271,-73.98848395,6 Ave & W 33 St,7490
507,40.73912601,-73.97973776,E 25 St & 2 Ave,5446
508,40.76341379,-73.99667444,W 46 St & 11 Ave,3664
509,40.7454973,-74.00197139,9 Ave & W 22 St,8006
510,40.7606597,-73.98042047,W 51 St & 6 Ave,87
513,40.768254,-73.988639,W 56 St & 10 Ave,3432
514,40.76087502,-74.00277668,12 Ave & W 40 St,9335
515,40.76009437,-73.99461843,W 43 St & 10 Ave,6707
516,40.75206862,-73.96784384,E 47 St & 1 Ave,2176
517,40.751581,-73.97791,Pershing Square South,4323
519,40.751872999999996,-73.97770600000001,Pershing Square North,7921
522,40.75714758,-73.97207836,E 51 St & Lexington Ave,2438
525,40.75594159,-74.0021163,W 34 St & 11 Ave,4856
526,40.74765947,-73.98490707,E 33 St & 5 Ave,4464
528,40.74290902,-73.97706058,2 Ave & E 31 St,6394
529,40.75756989999999,-73.99098507,W 42 St & 8 Ave,3990
530,40.771496710544405,-73.99046033620834,11 Ave & W 59 St,4411
531,40.71893904,-73.99266288,Forsyth St & Broome St,4006
532,40.710451,-73.960876,S 5 Pl & S 5 St,5939
533,40.75299641,-73.98721619,Broadway & W 38 St,3145
534,40.70255065,-74.0127234,Water - Whitehall Plaza,1334
536,40.74144387,-73.97536082,1 Ave & E 30 St,4123
539,40.71534825,-73.96024116,Metropolitan Ave & Bedford Ave,4511
540,40.74311555376486,-73.98215353488922,Lexington Ave & E 29 St,4035
545,40.736502,-73.97809472,E 23 St & 1 Ave,5781
546,40.74444921,-73.98303529,E 30 St & Park Ave S,3338
2000,40.70255088,-73.98940236,Front St & Washington St,4088
2002,40.716887,-73.96319799999999,Wythe Ave & Metropolitan Ave,4145
2003,40.73381219196632,-73.9805442094803,1 Ave & E 18 St,6447
2005,40.70531194,-73.97100056,Railroad Ave & Kay Ave,90
2006,40.76590936,-73.97634151,Central Park S & 6 Ave,8471
2008,40.70569254,-74.01677685,Little West St & 1 Pl,6531
2009,40.71117444,-73.99682619,Catherine St & Monroe St,2322
2010,40.72170005235607,-74.00238141417502,Grand St & Greene St,3394
2012,40.739445,-73.97680600000001,E 27 St & 1 Ave,6138
2017,40.75022392,-73.97121414,E 43 St & 2 Ave,2578
2021,40.75929124,-73.98859651,W 45 St & 8 Ave,3662
2022,40.759107,-73.959223,E 60 St & York Ave,1074
3016,40.72036775298455,-73.96165072917937,Kent Ave & N 7 St,5978
3041,40.67890679,-73.94142771,Kingston Ave & Herkimer St,1395
3042,40.6794268,-73.92989109999999,Fulton St & Utica Ave,1587
3043,40.6814598,-73.934903,Lewis Ave & Decatur St,1074
3044,40.6800105,-73.938475,Albany Ave & Fulton St,559
3046,40.682601,-73.938037,Marcus Garvey Blvd & Macon St,908
3047,40.682368700000005,-73.944118,Halsey St & Tompkins Ave,1299
3048,40.684020000000004,-73.94977,Putnam Ave & Nostrand Ave,695
3049,40.68488,-73.96304,Cambridge Pl & Gates Ave,1244
3050,40.6851532,-73.94111,Putnam Ave & Throop Ave,1034
3052,40.686312,-73.935775,Lewis Ave & Madison St,1640
3053,40.6900815,-73.94791500000001,Marcy Ave & Lafayette Ave,1276
3054,40.6894932,-73.942061,Greene Ave & Throop Ave,1218
3055,40.68833370000001,-73.950916,Greene Ave & Nostrand Ave,1276
3056,40.69072549,-73.95133465,Kosciuszko St & Nostrand Ave,1221
3057,40.69128258,-73.9452416,Kosciuszko St & Tompkins Ave,1142
3058,40.69237074,-73.93705428,Lewis Ave & Kosciuszko St,1120
3059,40.693398200000004,-73.939877,Pulaski St & Marcus Garvey Blvd,834
3060,40.69425403,-73.94626915,Willoughby Ave & Tompkins Ave,1206
3061,40.69622937,-73.94371094,Throop Ave & Myrtle Ave,571
3062,40.69539817,-73.94954908,Myrtle Ave & Marcy Ave,960
3063,40.69527008,-73.95238108,Nostrand Ave & Myrtle Ave,819
3064,40.69681963,-73.93756926,Myrtle Ave & Lewis Ave,778
3065,40.70029511,-73.95032283,Union Ave & Wallabout St,608
3066,40.69957608,-73.94708417,Tompkins Ave & Hopkins St,633
3067,40.7016657,-73.9437303,Broadway & Whipple St,1406
3068,40.7031724,-73.940636,Humboldt St & Varet St,797
3069,40.70411791,-73.94818595,Lorimer St & Broadway,503
3070,40.70510918,-73.94407279,McKibbin St & Manhattan Ave,963
3071,40.70538077,-73.94976519,Boerum St & Broadway,1100
3072,40.70583339,-73.94644578,Leonard St & Boerum St,840
3074,40.70767788,-73.94016171,Montrose Ave & Bushwick Ave,1622
3075,40.70708701,-73.95796783,Division Ave & Marcy Ave,389
3076,40.70870368,-73.9448625,Scholes St & Manhattan Ave,2256
3077,40.70877084,-73.95095259,Stagg St & Union Ave,2822
3078,40.70924826276157,-73.96063148975372,Broadway & Roebling St,1642
3080,40.709340000000005,-73.95608,S 4 St & Rodney St,1839
3081,40.711863,-73.944024,Graham Ave & Grand St,2104
3082,40.71167351,-73.95141312,Hope St & Union Ave,2759
3083,40.71247661,-73.94100005,Bushwick Ave & Powers St,1106
3085,40.714690000000004,-73.95739,Roebling St & N 4 St,2194
3086,40.715143,-73.944507,Graham Ave & Conselyea St,2052
3087,40.71413311,-73.95234386,Metropolitan Ave & Meeker Ave,1858
3088,40.7160751,-73.95202900000001,Union Ave & Jackson St,1291
3092,40.7190095,-73.95852515,Berry St & N 8 St,3204
3093,40.71745169,-73.95850939,N 6 St & Bedford Ave,3897
3094,40.7169811,-73.94485918,Graham Ave & Withers St,1254
3095,40.71929301,-73.94500379,Graham Ave & Herbert St,693
3096,40.71924,-73.95241999999999,Union Ave & N 12 St,3363
3100,40.724812564400175,-73.94752621650694,Nassau Ave & Newell St,1511
3101,40.72079821,-73.95484712,N 12 St & Bedford Ave,2127
3102,40.72179134,-73.95041540000001,Driggs Ave & Lorimer St,1489
3105,40.724055,-73.955736,N 15 St & Wythe Ave,737
3106,40.72325,-73.94308000000001,Driggs Ave & N Henry St,1579
3107,40.72311651,-73.95212324,Bedford Ave & Nassau Ave,3048
3108,40.725570000000005,-73.94434,Nassau Ave & Russell St,1764
3109,40.72606,-73.95621,Banker St & Meserole Ave,1215
3110,40.72708584,-73.95299117,Meserole Ave & Manhattan Ave,1963
3112,40.72906,-73.95779,Milton St & Franklin St,3424
3113,40.730259999999994,-73.95394,Greenpoint Ave & Manhattan Ave,1844
3115,40.73232194,-73.9550858,India St & Manhattan Ave,2032
3116,40.732659999999996,-73.95826,Huron St & Franklin St,2129
3117,40.735640000000004,-73.95866,Franklin St & Dupont St,2239
3118,40.73555,-73.95284000000001,McGuinness Blvd & Eagle St,1733
3119,40.74232744,-73.95411749,Vernon Blvd & 50 Ave,1724
3121,40.74524768,-73.94733276,Jackson Ave & 46 Rd,738
3122,40.74436328706688,-73.95587325096129,48 Ave & 5 St,749
3123,40.74469738,-73.93540375,31 St & Thomson Ave,661
3124,40.74731,-73.95451,46 Ave & 5 St,2306
3125,40.74708586,-73.94977234,45 Rd & 11 St,1514
3126,40.74718234,-73.9432635,44 Dr & Jackson Ave,1852
3127,40.74966,-73.9521,9 St & 44 Rd,481
3128,40.75052534,-73.94594845,21 St & 43 Ave,338
3129,40.75110165,-73.94073717,Queens Plaza North & Crescent St,4103
3130,40.75325964,-73.94335788,21 St & Queens Plaza North,927
3131,40.76712840349542,-73.96224617958069,E 68 St & 3 Ave,758
3132,40.76350532,-73.97109243,E 59 St & Madison Ave,3161
3134,40.76312584,-73.96526895,3 Ave & E 62 St,3346
3135,40.77112927,-73.95772297,E 75 St & 3 Ave,2337
3136,40.766368,-73.971518,5 Ave & E 63 St,3608
3137,40.77282817,-73.96685276,5 Ave & E 73 St,6612
3139,40.77118287540658,-73.96409422159195,E 72 St & Park Ave,2286
3140,40.77140426,-73.9535166,1 Ave & E 78 St,6624
3141,40.76500525,-73.95818491,1 Ave & E 68 St,12158
3142,40.761227399999996,-73.96094022,1 Ave & E 62 St,6683
3143,40.77632142182271,-73.96427392959596,5 Ave & E 78 St,4459
3144,40.77677702,-73.95900970000001,E 81 St & Park Ave,1667
3145,40.77862688,-73.95772073,E 84 St & Park Ave,2177
3146,40.77573034,-73.9567526,E 81 St & 3 Ave,2276
3147,40.77801203,-73.95407149,E 85 St & 3 Ave,5661
3148,40.77565541,-73.95068615,E 84 St & 1 Ave,4191
3150,40.77536905,-73.94803392,E 85 St & York Ave,2320
3151,40.7728384,-73.94989233,E 81 St & York Ave,3010
3152,40.76873687,-73.96119945,3 Ave & E 71 St,2276
3154,40.77314236,-73.95856158,E 77 St & 3 Ave,2685
3156,40.76663814,-73.95348296,E 72 St & York Ave,4964
3157,40.77518615,-73.94446054,East End Ave & E 86 St,1735
3158,40.77163851,-73.98261428,W 63 St & Broadway,4624
3159,40.77492513,-73.98266566,W 67 St & Broadway,3536
3160,40.77896784,-73.97374737,Central Park West & W 76 St,3860
3161,40.7801839724239,-73.97728532552719,W 76 St & Columbus Ave,3528
3163,40.7734066,-73.97782542,Central Park West & W 68 St,6701
3164,40.7770575,-73.97898475,Columbus Ave & W 72 St,7665
3165,40.77579376683666,-73.97620573639871,Central Park West & W 72 St,6954
3166,40.780577990103346,-73.98562431335448,Riverside Dr & W 72 St,4801
3167,40.779668090073116,-73.98093044757842,Amsterdam Ave & W 73 St,6098
3169,40.78720869,-73.98128127,Riverside Dr & W 82 St,2593
3170,40.78499979,-73.97283406,W 84 St & Columbus Ave,3894
3171,40.78524672,-73.97667321,Amsterdam Ave & W 82 St,4358
3172,40.7785669,-73.97754961,W 74 St & Columbus Ave,2660
3173,40.777507027547976,-73.98888587951659,Riverside Blvd & W 67 St,4531
3175,40.77748046,-73.98288594,W 70 St & Amsterdam Ave,4481
3177,40.7867947,-73.977112,W 84 St & Broadway,3073
3178,40.78414472,-73.98362492,Riverside Dr & W 78 St,2111
3179,40.698617,-73.941342,Park Ave & Marcus Garvey Blvd,735
3182,40.686931,-74.016966,Yankee Ferry Terminal,1782
3221,40.743,-73.93561,47 Ave & 31 St,698
3226,40.78275,-73.97137,W 82 St & Central Park West,3084
3231,40.76780080148132,-73.96592080593109,E 67 St & Park Ave,1363
3232,40.68962188790333,-73.98304268717766,Bond St & Fulton St,2566
3233,40.75724567911726,-73.97805914282799,E 48 St & 5 Ave,3028
3235,40.752165280621966,-73.97992193698882,E 41 St & Madison Ave,2275
3236,40.75898481399634,-73.99379968643187,W 42 St & Dyer Ave,3297
3241,40.686203000000006,-73.944694,Monroe St & Tompkins Ave,1503
3242,40.69102925677968,-73.99183362722397,Schermerhorn St & Court St,1539
3243,40.75892386377695,-73.96226227283478,E 58 St & 1 Ave (NE Corner),1223
3244,40.73143724085228,-73.99490341544151,University Pl & E 8 St,5315
3246,40.694281141397326,-73.99230033159256,Montague St & Clinton St,1778
3249,40.680356084043396,-73.94767910242079,Verona Pl & Fulton St,898
3254,40.69231660719192,-74.01486575603484,Soissons Landing,1687
3255,40.7505853470215,-73.9946848154068,8 Ave & W 31 St,5834
3256,40.7277140777778,-74.01129573583603,Pier 40 - Hudson River Park,8526
3259,40.74937024193277,-73.99923384189607,9 Ave & W 28 St,4553
3260,40.72706363348306,-73.99662137031554,Mercer St & Bleecker St,4230
3263,40.729514962249496,-73.99075269699097,Cooper Square & Astor Pl,5463
3282,40.78307,-73.95939,5 Ave & E 88 St,5694
3283,40.7882213,-73.97041561,W 89 St & Columbus Ave,3905
3284,40.781410700190015,-73.95595908164978,E 88 St & Park Ave,1836
3285,40.78839,-73.9747,W 87 St & Amsterdam Ave,2533
3286,40.7806284,-73.9521667,E 89 St & 3 Ave,2953
3287,40.789621999999994,-73.97757,W 87 St & West End Ave,2669
3288,40.778301,-73.9488134,E 88 St & 1 Ave,4150
3289,40.79017948095081,-73.97288918495178,W 90 St & Amsterdam Ave,2079
3290,40.7779453,-73.94604100000001,E 89 St & York Ave,2691
3292,40.785785100000005,-73.957481,5 Ave & E 93 St,2304
3293,40.7921,-73.9739,W 92 St & Broadway,2053
3294,40.7835016,-73.955327,E 91 St & Park Ave,1890
3296,40.78245417527987,-73.94891962409021,E 93 St & 2 Ave,1651
3297,40.668662700000006,-73.97988067,6 St & 7 Ave,1424
3298,40.686371,-73.99383324,Warren St & Court St,980
3299,40.788129999999995,-73.95206,E 98 St & Park Ave,1108
3300,40.66514681533792,-73.97637605667114,Prospect Park West & 8 St,1927
3301,40.7919557,-73.968087,Columbus Ave & W 95 St,5370
3302,40.7969347,-73.9643412291,Columbus Ave & W 103 St,891
3303,40.6849894,-73.99440329,Butler St & Court St,782
3304,40.668127,-73.98377641,6 Ave & 9 St,1130
3305,40.781122299341654,-73.94965589046478,E 91 St & 2 Ave,3538
3306,40.666207799999995,-73.98199886,10 St & 7 Ave,1136
3307,40.7941654,-73.974124,West End Ave & W 94 St,2666
3308,40.686175799999994,-73.99645295,Kane St & Clinton St,1242
3309,40.7859201,-73.94860294,E 97 St & 3 Ave,845
3310,40.663779,-73.98396846,14 St & 7 Ave,1494
3311,40.68763155,-74.0016256,Columbia St & Kane St,1032
3312,40.78172120000001,-73.94594000000001,1 Ave & E 94 St,2529
3313,40.666318100000005,-73.9854617,6 Ave & 12 St,1003
3314,40.7937704,-73.971888,W 95 St & Broadway,3285
3315,40.684751399999996,-73.99917254,Henry St & Degraw St,1181
3317,40.6686273,-73.98700053,10 St & 5 Ave,737
3318,40.7839636,-73.94716729999999,2 Ave & E 96 St,3561
3319,40.666287,-73.98895053,14 St & 5 Ave,1395
3321,40.683116399999996,-73.99785267,Clinton St & Union St,1121
3322,40.668603000000004,-73.99043940000001,12 St & 4 Ave,633
3323,40.798185600000004,-73.96059090060001,W 106 St & Central Park West,3569
3324,40.6685455,-73.99333264,3 Ave & 14 St,689
3325,40.7849032,-73.950503,E 95 St & 3 Ave,1509
3326,40.67434,-74.00194698,Clinton St & Centre St,353
3327,40.787721399999995,-73.94728331,3 Ave & E 100 St,873
3328,40.795,-73.9645,W 100 St & Manhattan Ave,3421
3329,40.6829151,-73.99318208,Degraw St & Smith St,1323
3330,40.672505799999996,-74.00494695,Henry St & Bay St,134
3331,40.8013434,-73.97114574390001,Riverside Dr & W 104 St,2832
3332,40.68199044270703,-73.99079024791719,Degraw St & Hoyt St,885
3333,40.6747055,-74.00755720000001,Columbia St & Lorraine St,177
3335,40.6772744,-73.98282002,Union St & 4 Ave,1536
3336,40.787801,-73.953559,E 97 St & Madison Ave,2752
3337,40.67363551341504,-74.01195555925368,Dwight St & Van Dyke St,444
3338,40.786258600000004,-73.94552579,2 Ave & E 99 St,1438
3339,40.6765304,-73.97846879,Berkeley Pl & 6 Ave,882
3340,40.6753274,-74.0100698,Wolcott St & Dwight St,166
3342,40.677774799999995,-74.0094613,Pioneer St & Richards St,227
3343,40.7997568,-73.9621128676,W 107 St & Columbus Ave,1400
3344,40.679043,-74.011169,Pioneer St & Van Brunt St,884
3345,40.78948541553215,-73.9524292945862,Madison Ave & E 99 St,2030
3346,40.675146838709786,-73.9752320945263,Berkeley Pl & 7 Ave,1700
3347,40.6773429,-74.01275056,Van Brunt St & Wolcott St,718
3348,40.677236,-74.015665,Coffey St & Conover St,712
3349,40.6729679,-73.97087984,Grand Army Plaza & Plaza St West,3932
3350,40.797372100000004,-73.97041192,W 100 St & Broadway,4152
3351,40.7869946,-73.94164802,E 102 St & 1 Ave,2532
3352,40.67267243410948,-74.00879524648191,Sigourney St & Columbia St,544
3354,40.668132,-73.97363831,3 St & Prospect Park West,2738
3355,40.768008893059466,-73.96845281124116,E 66 St & Madison Ave,1701
3356,40.7746671,-73.98470567,Amsterdam Ave & W 66 St,1812
3357,40.80083629999999,-73.9664492472,W 106 St & Amsterdam Ave,2102
3358,40.671197799999995,-73.97484126,Garfield Pl & 8 Ave,1264
3359,40.7691572,-73.96703464,E 68 St & Madison Ave,451
3361,40.6740886,-73.9787282,Carroll St & 6 Ave,1269
3362,40.7781314,-73.96069399,Madison Ave & E 82 St,2974
3363,40.7904828,-73.95033068,E 102 St & Park Ave,1367
3364,40.6751622,-73.9814832,Carroll St & 5 Ave,1416
3365,40.67038370000001,-73.97839676,3 St & 7 Ave,1608
3366,40.8021174,-73.9681805305,West End Ave & W 107 St,1932
3367,40.792255299999994,-73.95249933,5 Ave & E 103 St,3279
3368,40.672815500000006,-73.98352355,5 Ave & 3 St,2083
3369,40.7724607,-73.9468208,E 82 St & East End Ave,2081
3370,40.7727966,-73.95577801,E 78 St & 2 Ave,2111
3372,40.7689738,-73.95482273,E 74 St & 1 Ave,4320
3373,40.675070500000004,-73.98775226,3 St & 3 Ave,1008
3374,40.799484,-73.955613,Central Park North & Adam Clayton Powell Blvd,4935
3375,40.7699426,-73.96060712,3 Ave & E 72 St,1961
3376,40.76471851944339,-73.96222069859505,E 65 St & 2 Ave,2892
3377,40.6786115,-73.99037292,Carroll St & Bond St,1016
3378,40.773763,-73.96222088,E 76 St & Park Ave,2268
3379,40.790305100000005,-73.94755757,E 103 St & Lexington Ave,1651
3381,40.6777287,-73.99364123,3 St & Hoyt St,525
3382,40.680611,-73.99475825,Carroll St & Smith St,1309
3383,40.804213,-73.96699104,Cathedral Pkwy & Broadway,3109
3384,40.678724200000005,-73.99599099,Smith St & 3 St,1039
3386,40.6809591,-73.99905709,1 Pl & Clinton St,1024
3387,40.79343370000001,-73.94945003,E 106 St & Madison Ave,1444
3388,40.6828003,-73.99990419,President St & Henry St,883
3389,40.6830456,-74.00348559,Carroll St & Columbia St,82
3390,40.79329668,-73.9432083,E 109 St & 3 Ave,1105
3391,40.7892529,-73.93956237,E 106 St & 1 Ave,1186
3392,40.681211700000006,-74.00860912,Commerce St & Van Brunt St,502
3393,40.67943270000001,-74.00785041,Richards St & Delavan St,261
3394,40.6769993,-74.00647134,Columbia St & W 9 St,162
3395,40.6763744,-74.00324957,Henry St & W 9 St,237
3396,40.6783563,-74.00014502,Clinton St & 4 Place,957
3397,40.6763947,-73.99869893,Court St & Nelson St,908
3398,40.67469570000001,-73.99785768,Smith St & 9 St,860
3399,40.67260298150126,-73.98983001708984,7 St & 3 Ave,539
3400,40.796153499999996,-73.94782145,E 110 St & Madison Ave,2547
3402,40.6902375,-73.99203074,Court St & State St,2423
3403,40.6705135,-73.98876585,4 Ave & 9 St,996
3404,40.670492200000005,-73.98541675,7 St & 5 Ave,787
3405,40.670483600000004,-73.98208968,5 St & 6 Ave,722
3407,40.67909799721684,-73.98765474557877,Union St & Nevins St,715
3408,40.6881529,-73.99520919,Congress St & Clinton St,1820
3409,40.686744299999994,-73.99063168,Bergen St & Smith St,3073
3410,40.686444200000004,-73.98759104,Dean St & Hoyt St,1244
3411,40.6849668,-73.98620772,Bond St & Bergen St,1142
3412,40.6853761,-73.98302136,Pacific St & Nevins St,1253
3414,40.680944723477296,-73.97567331790923,Bergen St & Flatbush Ave,1884
3415,40.6793307,-73.97519523,Prospect Pl & 6 Ave,1113
3416,40.67761470000001,-73.97324283,7 Ave & Park Pl,1902
3417,40.6795766,-73.97854971,Baltic St & 5 Ave,1609
3418,40.675020700000005,-73.97111473,Plaza St West & Flatbush Ave,1727
3419,40.67927879999999,-73.98154004,Douglass St & 4 Ave,1051
3420,40.6802133,-73.98432695,Douglass St & 3 Ave,796
3421,40.6843549,-73.98901629,Hoyt St & Warren St,505
3422,40.6859296,-74.00242364,Columbia St & Degraw St,1397
3423,40.6610633719006,-73.97945255041121,West Drive & Prospect Park West,5123
3424,40.791976,-73.945993,E 106 St & Lexington Ave,1360
3425,40.789210499999996,-73.94370784,2 Ave & E 104 St,1655
3429,40.68506807308177,-73.97790759801863,Hanson Pl & Ashland Pl,3258
3430,40.71907891179564,-73.94223690032959,Richardson St & N Henry St,1025
3435,40.718821999999996,-73.99596,Grand St & Elizabeth St,8231
3436,40.721319,-74.010065,Greenwich St & Hubert St,1732
3437,40.793134809866636,-73.97700369358063,Riverside Dr & W 91 St,2686
3440,40.692418292578466,-73.98949474096298,Fulton St & Adams St,2337
3443,40.76132983124814,-73.97982001304626,W 52 St & 6 Ave,3201
3452,40.71915571696044,-73.94885390996933,Bayard St & Leonard St,1227
3453,40.71335226222875,-73.9491033554077,Devoe St & Lorimer St,1690
3454,40.71036854235229,-73.94705951213838,Leonard St & Maujer St,1601
3456,40.716380319735606,-73.94821286201476,Jackson St & Leonard St,648
3457,40.763025942805186,-73.97209525108337,E 58 St & Madison Ave,2871
3461,40.71485150526252,-74.01122331619263,Murray St & Greenwich St,4057
3462,40.75118387463277,-73.97138714790343,E 44 St & 2 Ave,2030
3463,40.735367055605394,-73.98797392845155,E 16 St & Irving Pl,2554
3467,40.72494672359416,-74.00165855884552,W Broadway & Spring St,3537
3469,40.73181401720966,-73.95995020866394,India St & West St,1695
3472,40.742753828659026,-74.00747358798982,W 15 St & 10 Ave,3646
3477,40.65539977447831,-74.0106278657913,39 St & 2 Ave,632
3478,40.65708866668485,-74.00870203971863,2 Ave & 36 St,1217
3479,40.68512559515415,-74.02535319328308,Picnic Point,1327
3486,40.68841742754083,-73.98451656103134,Schermerhorn St & Bond St,2104
3490,40.796879,-73.93726099999999,E 116 St & 2 Ave,1002
3491,40.797470000000004,-73.93504,E 118 St & 1 Ave,1260
3492,40.8005385,-73.9419949,E 118 St & Park Ave,577
3493,40.799139000000004,-73.9389152,E 118 St & 3 Ave,1458
3494,40.797911,-73.9423,E 115 St & Lexington Ave,1225
3495,40.79456629999999,-73.9362541,E 114 St & 1 Ave,804
3496,40.7923272,-73.9383,1 Ave & E 110 St,1884
3497,40.794987899999995,-73.9333349,Pleasant Ave & E 116 St,2735
3498,40.7974772,-73.9311847,Pleasant Ave & E 120 St,964
3499,40.8006721,-73.9349,2 Ave & E 122 St,818
3500,40.7989445,-73.944846,E 115 St & Madison Ave,917
3501,40.801486600000004,-73.9442507,E 118 St & Madison Ave,1077
3502,40.79541210000001,-73.9441232,Lexington Ave & E 111 St,1457
3503,40.80295,-73.942954,Madison Ave & E 120 St,984
3504,40.802926299999996,-73.9379,E 123 St & Lexington Ave,723
3505,40.805726,-73.936322,Lexington Ave & E 127 St,438
3506,40.8013066,-73.93981670000001,Lexington Ave & E 120 St,876
3507,40.8045555,-73.93968609999999,Park Ave & E 124 St,2412
3508,40.809725,-73.953149,St Nicholas Ave & Manhattan Ave,2544
3509,40.8011939,-73.9500739,Lenox Ave & W 115 St,1425
3510,40.8078316,-73.949373,Adam Clayton Powell Blvd & W 123 St,1349
3511,40.802535,-73.9532423,Adam Clayton Powell Blvd & W 115 St,1182
3513,40.774645,-73.92370600000001,21 St & Hoyt Ave S,1174
3514,40.7767,-73.927631,Astoria Park S & Shore Blvd,1577
3515,40.774591,-73.918544,24 Ave & 26 St,30
3516,40.76991760000001,-73.91840570000001,31 St & Astoria Blvd,765
3517,40.771152799999996,-73.9170074,31 St & Hoyt Ave N,525
3518,40.808442,-73.94520870000001,Lenox Ave & W 126 St,2982
3520,40.804372,-73.951475,Adam Clayton Powell Blvd & W 118 St,1233
3521,40.7987859,-73.9523,Lenox Ave & W 111 St,3484
3522,40.7701477,-73.9120938,37 St & 24 Ave,665
3523,40.7729,-73.91614200000001,24 Ave & 29 St,758
3524,40.777455200000006,-73.9225403,19 St & 24 Ave,804
3525,40.776165,-73.9153175,23 Ave & 27 St,564
3526,40.7747878,-73.91255509999999,31 St & 23 Ave,1563
3527,40.806979999999996,-73.94174699999999,5 Ave & E 126 St,1334
3528,40.771393700000004,-73.9077436,Steinway St & 23 Ave,917
3529,40.8107922,-73.9430681,Lenox Ave & W 130 St,1324
3530,40.7787185,-73.9145645,Crescent St & Ditmars Blvd,694
3531,40.8125511,-73.9492286,Frederick Douglass Blvd & W 129 St,809
3532,40.78145,-73.9183302,Ditmars Blvd & 19 St,1131
3533,40.8114323,-73.95187759999999,St. Nicholas Ave & W 126 St,2816
3534,40.805159,-73.95469200000001,Frederick Douglass Blvd & W 117 St,3797
3535,40.804038,-73.945925,Mt Morris Park W & W 120 St,1593
3536,40.8082,-73.9641,W 116 St & Broadway,1676
3537,40.68097410000001,-73.97100970000001,Carlton Ave & Dean St,1674
3538,40.802692,-73.96295,W 110 St & Amsterdam Ave,2353
3539,40.8067581,-73.9607082,W 116 St & Amsterdam Ave,1470
3540,40.81,-73.9551508,Morningside Ave & W 123 St,1118
3541,40.813358,-73.956461,Amsterdam Ave & W 125 St,1045
3542,40.8086249,-73.9596214,Amsterdam Ave & W 119 St,865
3543,40.81028506306003,-73.95736455917357,Morningside Dr & Amsterdam Ave,448
3544,40.6804836,-73.9646795,Underhill Ave & Pacific St,1191
3545,40.8120562,-73.9612547,Broadway & W 122 St,808
3546,40.67919439999999,-73.95879029999999,Pacific St & Classon Ave,401
3547,40.8143256,-73.9590255,Broadway & Moylan Pl,1157
3549,40.678045000000004,-73.962408,Grand Ave & Bergen St,1252
3551,40.795508,-73.94160600000001,3 Ave & E 112 St,764
3552,40.805973,-73.964928,W 113 St & Broadway,2070
3553,40.801694,-73.957145,Frederick Douglass Blvd & W 112 St,3383
3554,40.7552433,-73.94856779999999,Vernon Blvd & 41 Rd,664
3555,40.751047,-73.93796999999999,28 St & 41 Ave,1209
3557,40.75742,-73.945133,40 Ave & 9 St,661
3558,40.6794388,-73.96804379999999,Bergen St & Vanderbilt Ave,2305
3559,40.7576314,-73.9391224,21 St & 38 Ave,160
3561,40.7531106,-73.9279917,37 Ave & 35 St,642
3562,40.676519799999994,-73.9596082,Classon Ave & St Marks Ave,1452
3563,40.757186,-73.93271899999999,28 St & 36 Ave,541
3564,40.760185299999996,-73.9362726,21 St & 36 Ave,541
3565,40.7614376,-73.9411265,36 Ave & 10 St,640
3566,40.7596276,-73.93214549999999,Crescent St & 35 Ave,559
3567,40.76274420000001,-73.9391141,11 St & 35 Ave,152
3568,40.756933200000006,-73.92622309999999,34 St & 35 Ave,777
3569,40.6758324,-73.95616770000001,Franklin Ave & St Marks Ave,1137
3570,40.7557327,-73.92366109999999,35 Ave & 37 St,807
3571,40.676368,-73.95291800000001,Bedford Ave & Bergen St,2070
3572,40.756913,-73.921631,34 Ave & 38 St,1536
3573,40.7580583,-73.92427509999999,35 St & 34 Ave,684
3574,40.6769694,-73.96579,Prospect Pl & Underhill Ave,895
3575,40.76108,-73.930562,Crescent St & 34 Ave,846
3576,40.6767,-73.969024,Park Pl & Vanderbilt Ave,2019
3577,40.762813799999996,-73.9342862,34 Ave & 21 St,368
3578,40.67418060000001,-73.95649470000001,Park Pl & Franklin Ave,1117
3579,40.672695000000004,-73.954131,Sterling Pl & Bedford Ave,1426
3580,40.6737236,-73.9631611,St Johns Pl & Washington Ave,1383
3581,40.674012299999994,-73.9671457,Underhill Ave & Lincoln Pl,1535
3582,40.672168299999996,-73.9609,Lincoln Pl & Classon Ave,551
3583,40.6716493,-73.9631145,Eastern Pkwy & Washington Ave,1470
3584,40.670776700000005,-73.9576801,Eastern Pkwy & Franklin Ave,1838
3585,40.6691783,-73.9554162,Union St & Bedford Ave,722
3586,40.763875299999995,-73.9364848,34 Ave & 13 St,349
3587,40.6686744,-73.9618148,Carroll St & Washington Ave,460
3588,40.7671863,-73.9373554,Vernon Blvd & 10 St,964
3589,40.7668,-73.93477740000002,Broadway & 12 St,590
3590,40.6679411,-73.9588,Carroll St & Franklin Ave,578
3591,40.7659,-73.930819,21 St & 31 Dr,935
3592,40.7633589,-73.92864709999999,Crescent St & Broadway,1517
3593,40.761584,-73.925921,31 St & Broadway,1741
3595,40.760339,-73.9222427,35 St & Broadway,1008
3596,40.6642406,-73.9574686,Sullivan Pl & Bedford Ave,279
3597,40.7577284,-73.9166368,43 St & Broadway,1345
3598,40.7595701,-73.91426779999999,Newton Rd & 44 St,994
3600,40.761148799999994,-73.9170071,31 Ave & Steinway St,1514
3601,40.6627059,-73.9569115,Sterling St & Bedford Ave,1134
3602,40.763154,-73.920827,31 Ave & 34 St,1669
3603,40.7647,-73.9240312,31 Ave & 30 St,1068
3604,40.6630619,-73.95387459999999,Rogers Ave & Sterling St,1283
3605,40.765834600000005,-73.9265474,31 Ave & Crescent St,1015
3606,40.74252,-73.948852,49 Ave & 21 St,360
3607,40.7682,-73.9322662,31 Ave & 14 St,524
3608,40.7423737,-73.9566,5 St & 51 Ave,431
3609,40.7692475,-73.93545040000001,Vernon Blvd & 31 Ave,927
3610,40.770845,-73.93417099999999,Vernon Blvd & 30 Rd,1152
3611,40.7449067,-73.9534573,Vernon Blvd & 47 Rd,1197
3612,40.77037429999999,-73.9286078,30 Ave & 21 St,633
3613,40.745038,-73.957539,Center Blvd & 48 Ave,1039
3614,40.768692,-73.9249574,Crescent St & 30 Ave,1116
3615,40.748000000000005,-73.94609270000001,44 Dr & 21 St,1189
3616,40.7656251,-73.9136695,Steinway St & 28 Ave,1636
3617,40.7671,-73.9169858,28 Ave & 35 St,1074
3618,40.7485,-73.941275,27 St & Hunter St,1519
3619,40.7713615,-73.9246145,Newtown Ave & 23 St,1007
3620,40.7519071,-73.94791190000001,11 St & 43 Ave,457
3621,40.7739825,-73.93091340000001,27 Ave & 9 St,702
3622,40.807559999999995,-73.93918199999999,E 128 St & Madison Ave,651
3623,40.8109494,-73.9634,W 120 St & Claremont Ave,1193
3628,40.8025566,-73.9490782,Lenox Ave & W 117 St,2260
3629,40.809495347779475,-73.94776493310928,Adam Clayton Powell Blvd & W 126 St,2167
3630,40.8038654,-73.95593079999999,Frederick Douglass Blvd & W 115 St,2273
3635,40.754623240291046,-73.99516761302948,W 36 St & 9 Ave,2875
3637,40.68323865460341,-73.96599590778352,Fulton St & Waverly Ave,1801
3641,40.74286877312112,-73.98918628692627,Broadway & W 25 St,7647
3646,40.763154819103725,-73.93985509872438,35 Ave & 10 St,496
3647,40.74128309355993,-73.93725872039794,48 Ave & 30 Pl,375
3648,40.69795031569544,-73.97077560424805,Flushing Ave & Vanderbilt Ave,1772
3649,40.81439443791581,-73.95324736833571,W 129 St & Convent Ave,520
3654,40.75186951421875,-73.93349289894103,31 St & Northern Blvd,598
3656,40.72307749068673,-73.98583620786667,E 2 St & Avenue A,5343
3658,40.7435337324616,-74.00367558002472,W 18 St & 9 Ave,1537
3661,40.666439306870814,-73.96055638790129,Montgomery St & Franklin Ave,341
3664,40.72019521437465,-74.0103006362915,North Moore St & Greenwich St,4771
3668,40.7239567849954,-73.94984364509583,Leonard St & Nassau Ave,1616
3671,40.77477944895728,-73.95427465438844,E 81 St & 2 Ave,3455
3673,40.67759206937376,-73.95563721656801,Dean St & Franklin Ave,1861
3674,40.70140317257725,-73.98672670125961,Jay St & York St,2427
3676,40.675832943912894,-74.01472628116608,Van Brunt St & Van Dyke St,1003
3680,40.754120810779256,-73.98025184869765,E 43 St & 5 Ave,2242
3686,40.73944820130404,-74.00507032871245,Gansevoort St & Hudson St,4952
3687,40.74322681432173,-73.97449783980845,E 33 St & 1 Ave,9086
3689,40.79904139288298,-73.96649479866028,W 104 St & Amsterdam Ave,1835
3690,40.71334184275907,-74.00935515761375,Park Pl & Church St,1985
3691,40.76408932350689,-73.9106512069702,28 Ave & 44 St,838
3693,40.72248188638219,-73.95921930670737,N 11 St & Kent Ave,1202
3697,40.77515953434235,-73.98918695747851,W 64 St & Thelonious Monk Circle,3821
3699,40.76360467795863,-73.98917958140373,W 50 St & 9 Ave,4388
3704,40.7437524099784,-73.94176483154297,47 Ave & Skillman Ave,180
3707,40.741459000000006,-73.983293,Lexington Ave & E 26 St,6515
3708,40.735445,-73.99431,W 13 St & 5 Ave,4255
3709,40.73804614248277,-73.99642959237099,W 15 St & 6 Ave,6060
3711,40.72966729392978,-73.98067966103555,E 13 St & Avenue A,10519
3712,40.754691750226016,-73.9974018931389,W 35 St & Dyer Ave,2613
3714,40.70684203101325,-73.9544353965357,Division Ave & Hooper St,1058
3715,40.71816969454208,-73.95520135760306,Driggs Ave & N 9 St,2856
3716,40.7535992020056,-73.9379560947418,40 Ave & Crescent St,551
3718,40.727464206923926,-73.97950418293476,E 11 St & Avenue B,832
3721,40.7675487799971,-73.92093345522879,31 St & Newtown Ave,1873
3723,40.69531727766904,-73.99015724658966,Cadman Plaza E & Johnson St,1357
3724,40.7667405590595,-73.9790689945221,7 Ave & Central Park South,6010
3725,40.7687620293096,-73.95840793848038,2 Ave & E 72 St,5353
3726,40.74336608027021,-73.95960688591003,Center Blvd & 51 Ave,1777
3727,40.71766197083994,-73.94880026578903,Frost St & Meeker Ave,952
3728,40.69535693320225,-73.99344027042389,Pierrepont St & Monroe Pl,1085
3731,40.758396999999995,-73.98255,W 47 St & 6 Ave,1794
3733,40.730563000000004,-73.973984,Avenue C & E 18 St,2830
3734,40.759125,-73.96265799999999,E 58 St &  1 Ave (NW Corner),3035
3735,40.752694,-74.002353,W 30 St & 10 Ave,6468
3737,40.720746999999996,-73.986274,Stanton St & Norfolk St,3941
3738,40.719383,-73.991479,Delancey St & Eldridge St,2078
3739,40.735918,-74.000939,Perry St & Greenwich Ave,2894
3740,40.726378000000004,-74.000472,W Broadway & W Houston St,3344
3744,40.725864,-73.986389,1 Ave & E 5 St,5083
3745,40.75651272984955,-73.92957486212252,36 Ave & 31 St,1135
3746,40.72430832160217,-74.00473035871983,6 Ave & Broome St,4766
3749,40.747573958954796,-73.97880077362059,Lexington Ave & E 36 St,1305
3755,40.69064807082943,-73.95746178925037,DeKalb Ave & Franklin Ave,1596
3756,40.704508000000004,-73.9351,White St & Moore St,832
3757,40.710681,-73.93372,Stagg St & Morgan Ave,478
3758,40.702996999999996,-73.92997,George St & Wilson Ave,802
3759,40.70538,-73.92535,Irving Ave & Jefferson St,801
3760,40.705614000000004,-73.92153,Willoughby Ave & Wyckoff Ave,649
3761,40.697842,-73.926241,Cedar St & Myrtle Ave,551
3762,40.677027,-73.9865,3 Ave & Carroll St,502
3763,40.707165,-73.923711,Wyckoff Av & Jefferson St,707
3764,40.705517,-73.93936,Bushwick Ave & McKibbin St,468
3765,40.709897,-73.94008000000001,Bushwick Ave & Stagg St,408
3766,40.715353,-73.93856,Sharon St & Olive St,1205
3767,40.713229999999996,-73.93894,Powers St & Olive St,572
3768,40.710190000000004,-73.93734,Waterbury St & Stagg St,594
3769,40.707174,-73.93581,White St & Johnson Ave,209
3770,40.702831,-73.9333,Central Ave & Flushing Ave,692
3771,40.706237,-73.933871,McKibbin St & Bogart St,1133
3772,40.713811,-73.93515,Devoe St & Morgan Ave,587
3773,40.70539,-73.92976,Knickerbocker Ave & Thames St,980
3774,40.704425,-73.92836,Knickerbocker Ave & George St,866
3775,40.702013,-73.923769,Suydam St & Knickerbocker Ave,1448
3776,40.700003,-73.92834,Central Ave & Starr Street,586
3777,40.699304,-73.92304399999999,Stockholm St & Wilson Ave,953
3778,40.7027,-73.92095,Irving Ave & DeKalb Ave,703
3779,40.704876,-73.919911,Hart St & Wyckoff Ave,335
3780,40.703545,-73.917775,Wyckoff Av & Stanhope St,797
3781,40.698568,-73.918877,Greene Av & Myrtle Av,544
3782,40.698458,-73.997178,Brooklyn Bridge Park - Pier 2,2109
3783,40.70838,-74.00495,Cliff St & Fulton St,3356
3785,40.75492,-73.98455,W 42 St & 6 Ave,3710
3786,40.714193,-73.996732,Division St & Bowery,2461
3787,40.69985,-73.97140999999999,Dock 72 Way & Market St,860
3789,40.68186,-73.95943199999999,Fulton St & Irving Pl,1161
3790,40.7003,-73.99158100000001,Henry St & Middagh St,1153
3793,40.732339777151054,-73.97898383438587,Stuyvesant Walk & 1 Av Loop,443
3795,40.671907,-73.993612,10 St & 2 Ave,335
3798,40.752269,-73.982079,W 40 St & 5 Ave,3400
3799,40.74964,-73.98805,6 Ave & W 34 St,6960
3803,40.665816,-73.95693399999999,Bedford Ave & Montgomery St,745
3804,40.702461,-73.98684200000001,Front St & Jay St,2288
3808,40.752474,-73.939991,24 St & 41 Ave,761
3809,40.763189000000004,-73.978434,W 55 St & 6 Ave,4886
3811,40.77485,-73.9342,27 Ave & 3 St,345
3812,40.734814,-73.992085,University Pl & E 14 St,8200
3813,40.745686,-74.00514100000001,W 20 St & 10 Ave,4664
3814,40.761573,-73.972628,E 56 St & Madison Ave,2159
3815,40.755293,-73.967641,E 51 St & 2 Ave,3656
3816,40.714290000000005,-73.93323000000001,Metropolitan Ave & Vandervoort Ave,111
3817,40.717729999999996,-73.94051,Withers St & Kingsland Ave,609
3818,40.72984,-73.94839,Calyer St & Jewel St,774
3819,40.733959999999996,-73.95204,Green St & McGuinness Blvd,416
3820,40.69757,-73.93098,Willoughby Ave & Myrtle Ave,1169
3821,40.70106,-73.93318000000001,Evergreen Ave & Noll St,770
3822,40.700759999999995,-73.93641,Bushwick Ave & Forrest St,545
3823,40.700990000000004,-73.93921,Beaver St & Fayette St,1124
3824,40.6786,-73.90369,Van Sinderen Ave & Truxton St,436
3825,40.68139,-73.90756,Broadway & Furman Ave,221
3826,40.68458,-73.90925,Moffat St & Bushwick,227
3827,40.68565,-73.91564,Halsey St & Broadway,782
3828,40.68652,-73.91320999999999,Eldert St & Bushwick Ave,313
3829,40.6882,-73.90798000000001,Central Ave & Decatur St,330
3830,40.68858,-73.91226999999999,Halsey St & Evergreen Ave,307
3831,40.68663,-73.9168,Broadway & Hancock St,680
3832,40.69055,-73.91181,Central Ave & Weirfield St,503
3833,40.69122,-73.91693000000001,Madison St & Evergreen Ave,241
3834,40.69467,-73.90663,Irving Ave & Halsey St,404
3835,40.69385,-73.90974,Knickerbocker Ave & Hancock St,425
3836,40.69146,-73.92146,Bushwick Ave & Linden St,505
3837,40.693290000000005,-73.92851999999999,Broadway & Kosciuszko St,842
3838,40.69356,-73.92524,Bushwick Ave & Harman St,654
3839,40.69545,-73.91164,Putnam Ave & Knickerbocker Ave,437
3840,40.69811,-73.90904,Putnam Ave & Wyckoff Ave,361
3841,40.69543,-73.9196,Menahan St & Central Ave,319
3842,40.69502,-73.92825,Bushwick Ave & Dekalb Ave,577
3843,40.69905,-73.91516,Myrtle Ave & Grove St,283
3844,40.69943,-73.91337,Myrtle Ave & Linden St,479
3845,40.70108,-73.9179,Irving Ave & Harman St,728
3846,40.69676,-73.92302,Central Ave & Himrod St,518
3847,40.696709999999996,-73.92806999999999,Cedar St & Evergreen Ave,350
3848,40.695440000000005,-73.93223,Suydam St & Broadway,972
3849,40.70636,-73.91945,Suydam St & St. Nicholas Ave,297
3850,40.709070000000004,-73.92156999999999,Jefferson St & Cypress Ave,493
3851,40.714009999999995,-73.92793,Metropolitan Ave & Stewart Ave,114
3852,40.708690000000004,-73.92586999999999,Stewart Ave & Johnson Ave,243
3853,40.70686,-73.92851,Harrison Pl & Porter Ave,404
3854,40.716657,-73.93637,Morgan Ave & Maspeth Ave,532
3855,40.71882,-73.93948,Frost St & Debevoise Ave,388
3856,40.725770000000004,-73.94173,Kingsland Ave & Nassau Ave,1360
3857,40.721579999999996,-73.94546,Engert Ave & McGuinness Blvd,546
3858,40.73124,-73.95161,Kent St & McGuinness Blvd,483
3859,40.72795,-73.95414,Lorimer St & Calyer St,1090
3860,40.70166,-73.92754000000001,Wilson Ave & Troutman St,760
3861,40.70113,-73.91422,Menahan St & Wyckoff Ave,367
3862,40.697140000000005,-73.91566,Linden St & Knickerbocker Ave,199
3863,40.69296,-73.91605,Central Ave & Woodbine St,416
3864,40.68929,-73.90951,Central Ave & Covert St,263
3865,40.69081,-73.90448,Knickerbocker Ave & Cooper St,322
3866,40.68906,-73.90505999999999,Wilson Ave & Moffat St,346
3867,40.67945,-73.90474,Somers St & Broadway,91
3868,40.693000000000005,-73.90824,Knickerbocker Ave & Halsey St,344
3869,40.692,-73.92617,Van Buren St & Broadway,560
3870,40.697480999999996,-73.935877,Melrose St & Broadway,1042
3871,40.682809999999996,-73.90623000000001,Bushwick Ave & Furman Ave,193
3872,40.6972,-73.90674,Hancock St & Wyckoff Ave,241
3873,40.70068,-73.90742,Madison St & Cypress Ave,326
3874,40.704609999999995,-73.91054,Menahan St & Seneca Ave,329
3875,40.6988,-73.9007,Stephen St & Seneca Ave,81
3876,40.699220000000004,-73.89795,Forest Ave & Summerfield St,562
3877,40.70555,-73.90245,Madison St & Forest Ave,481
3878,40.69812,-73.90271,Cypress Ave & George St,154
3879,40.68822,-73.91966,Broadway & Madison St,821
3880,40.7098,-73.91727,Willoughby Ave & Onderdonk Ave,162
3881,40.818298999999996,-73.96040500000001,12 Ave & W 125 St,2784
3882,40.695170000000005,-73.90311,Norman St & Wyckoff Ave,446
3883,40.70577,-73.91292,Harman St & Seneca Ave,128
3884,40.699690000000004,-73.9022,Centre St & Seneca Ave,162
3885,40.70413,-73.90737,Onderdonk Ave & Gates Ave,165
3886,40.705529999999996,-73.9096,Menahan St & Onderdonk Ave,267
3887,40.71246,-73.91873000000001,Flushing Ave & Woodward Ave,375
3888,40.70793,-73.91091999999999,Woodward Ave & Harman St,289
3890,40.69047,-73.923511,Grove St & Broadway,1095
3891,40.698,-73.9127,Irving Ave & Palmetto St,539
3892,40.75473,-73.93366999999999,38 Ave & 29 St,854
3893,40.68319988172761,-73.91166642308234,Rockaway Ave & Bainbridge St,835
3894,40.740983,-74.00170200000001,8 Ave & W 16 St,865
3895,40.70157340873792,-73.90876293182373,Cypress Ave & Palmetto St,193
3896,40.70183,-73.90625,Madison St & Seneca Ave,275
3897,40.70863,-73.91497,Onderdonk Ave & Dekalb Ave,227
3898,40.763954,-73.9646,E 63 St & 3 Ave,1775
3899,40.72084,-73.94844,Manhattan Av & Leonard St,754
3900,40.72226,-73.93889,Morgan Ave & Lombardy St,680
3901,40.70998,-73.91116,Stanhope St & Fairview Ave,241
3902,40.70694,-73.90632,Fairview Ave & Linden St,277
3903,40.689890000000005,-73.91458,Jefferson Ave & Evergreen Ave,465
3905,40.732647,-73.99011,4 Ave & E 12 St,4549
3906,40.711444,-74.014847,West St & Liberty St,8884
3907,40.70112,-73.93039,Central Ave & Melrose St,525
3909,40.70408,-73.90408000000001,Madison St & Woodward Ave,400
3910,40.709697,-73.90785600000001,Greene Ave & Grandview Ave,269
3911,40.683426000000004,-73.984275,Wyckoff St & Nevins St,965
3913,40.699569,-73.979827,Sands St Gate,1297
3914,40.783786,-73.981687,West End Ave & W 78 St,1797
3916,40.708484999999996,-74.002751,Pearl St & Peck Slip,2624
3917,40.69178,-73.97877,Willoughby St & Ashland Pl,685
3918,40.72387,-73.975767,Avenue D & E 8 St,1899
3919,40.704370000000004,-74.00636999999999,Wall St & South St,2880
3920,40.810224,-73.93719499999999,E 132 St & Madison Ave,834
3921,40.805701,-73.925177,Willis Ave & Bruckner Blvd,385
3922,40.807466,-73.92710699999999,Alexander Ave & E 134 St,334
3923,40.808484,-73.928803,Lincoln Ave & E 134 St,279
3924,40.810893,-73.927311,Lincoln Ave & E 138 St,493
3925,40.812304,-73.929153,E 138 St & Canal St W,213
3926,40.810140000000004,-73.93973000000001,5 Ave & W 131 St,837
3927,40.81296,-73.941878,Lenox Ave & W 133 St,824
3928,40.813539,-73.94521,Adam Clayton Powell Blvd & W 132 St,1066
3929,40.81093,-73.92160600000001,Willis Ave & E 141 St,428
3930,40.812734999999996,-73.923697,E 142 St & 3 Ave,273
3931,40.814469,-73.924963,Morris Ave & E 142 St,307
3932,40.816576,-73.927987,Grand Concourse & E 144 St,298
3933,40.817755,-73.92965,Gerard Ave & E 146 St,232
3934,40.816234,-73.948222,St Nicholas Ave & E 134 St,1267
3935,40.816355,-73.954295,Amsterdam Ave & W 131 St,390
3936,40.820003,-73.959089,W 133 St & 12 Ave,1033
3937,40.805089,-73.91888900000001,E 135 St & St Ann's Ave,200
3938,40.802620000000005,-73.9174,E 133 St & Cypress Pl,19
3939,40.800933,-73.913863,Willow Ave & E 133 St,305
3940,40.800425,-73.911034,E 134 St & Walnut Ave,84
3941,40.801657,-73.909513,Walnut Ave & E 136 St,100
3942,40.8190344,-73.95615600000001,Broadway & W 133 St,618
3944,40.818215,-73.950988,Convent Ave & W 135 St,355
3945,40.819746,-73.951819,Amsterdam Ave & W 136 St,473
3946,40.818477,-73.947568,St Nicholas Ave & W 137 St,967
3947,40.804168,-73.91154499999999,E 138 St & Willow Ave,79
3948,40.805559,-73.91471800000001,E 138 St & Cypress Ave,185
3949,40.807408,-73.91924,Brook Ave & E 138 St,346
3950,40.809619,-73.917875,Brook Ave & E 141 St,113
3951,40.808633,-73.916124,E 141 St & St Ann's Ave,244
3952,40.806896,-73.911837,E 141 St & Jackson Ave,157
3953,40.82281,-73.937413,W 147 St & Adam Clayton Powell Blvd,643
3955,40.808890999999996,-73.91081,St Mary's St & Jackson Ave,264
3956,40.811112,-73.914932,St. Ann's Ave & E 144 St,161
3957,40.811675,-73.917037,E 144 St & Brook Ave,182
3958,40.812298999999996,-73.92036999999999,Willis Ave & E 143 St,247
3959,40.823498,-73.94386,Edgecombe Ave & W 145 St,1095
3960,40.822756,-73.951346,Hamilton Pl & W 140 St,498
3961,40.820036,-73.92141099999999,Morris Ave & E 153 St,205
3963,40.816827,-73.917338,Melrose Ave & E 150 St,654
3964,40.814383,-73.915368,Brook Ave & E 148 St,220
3965,40.814046000000005,-73.91186,E 149 St & Eagle Ave,168
3966,40.811314,-73.907729,Wales Ave & E 147 St,196
3967,40.826969,-73.949738,W 146 St & Broadway,878
3968,40.814232000000004,-73.903927,Prospect Ave & E 151 St,300
3969,40.815887,-73.911918,St Ann's Ave & Westchester Ave,150
3970,40.819609,-73.916071,Melrose Ave & E 154 St,172
3972,40.822215,-73.914688,E 158 St & Melrose Ave,163
3973,40.827212,-73.942722,St Nicholas Ave & W 150 St,572
3975,40.820713,-73.911759,Brook Ave & E 157 St,228
3976,40.819823,-73.91241099999999,E 156 & Brook Ave,297
3977,40.81899,-73.90202,Prospect Ave & Longwood Ave,187
3978,40.82188,-73.907521,Cauldwell Ave & E 161 St,197
3980,40.829522999999995,-73.94427900000001,Amsterdam Ave & W 152 St,400
3981,40.830476000000004,-73.939929,Harlem River Dr & W 155 St,213
3982,40.817166,-73.914737,Bergen Ave & E 152 St,143
3983,40.817802,-73.905203,Westchester Ave & E 156 St,126
3984,40.824013,-73.95474300000001,W 140 St & Riverside Dr,290
3985,40.820302000000005,-73.903944,E 160 St & Tinton Ave,103
3986,40.81734,-73.922962,E 149 St & Morris Ave,556
3987,40.813134999999996,-73.909235,E 149 St & Jackson Ave,307
3988,40.805631,-73.934077,E 128 St & 3 Ave,129
3989,40.808384000000004,-73.923604,Willis Ave & E 137 St,475
3992,40.8428422,-73.9421253,W 169 St & Fort Washington Ave,1649
3994,40.802554,-73.933509,2 Ave & E 125 St,1055
3995,40.812191,-73.937838,5 Ave & E 135 St,647
3996,40.806414000000004,-73.93608499999999,Lexington Ave & E 128 St,385
3997,40.815484000000005,-73.935856,5 Av & W 139 St,1070
3998,40.813619,-73.939336,W 135 St & Lenox Terrace Pl,945
3999,40.81695971032464,-73.9422959089279,Adam Clayton Powell Blvd & W 138 St,1551
4000,40.819783,-73.936521,Lenox Ave & W 144 St,812
4001,40.821111,-73.935971,Lenox Ave & W 146 St,312
4002,40.820877,-73.939249,W 144 St & Adam Clayton Powell Blvd,777
4004,40.820681,-73.945144,Edgecombe Ave & W 141 St,1702
4005,40.821294,-73.947868,St. Nicholas Terrace & Convent Ave,247
4006,40.814673,-73.91839,E 147 St & Bergen Ave,227
4007,40.823168,-73.955857,Riverside Dr & W 138 St,881
4009,40.827304999999996,-73.951989,Riverside Dr & W 145 St,589
4010,40.825244,-73.947257,W 145 St & Amsterdam Ave,593
4011,40.816124,-73.908116,Westchester Ave & Jackson Ave,343
4012,40.827075,-73.945909,W 148 St & Amsterdam Ave,509
4013,40.828309999999995,-73.942924,Convent Ave & W 151 St,177
4014,40.829114000000004,-73.95042600000001,Riverside Dr & W 148 St,938
4015,40.829229999999995,-73.936996,W 155 St & Frederick Douglass Blvd,398
4016,40.812346000000005,-73.946168,Adam Clayton Powell Blvd & W 130 St,609
4017,40.81449,-73.936153,E 138 St & 5 Av,694
4018,40.817555,-73.957163,Broadway & W 131 St,513
4019,40.803399,-73.919763,St. Ann's Av & Bruckner Blvd,166
4020,40.825125,-73.941616,Bradhurst Ave & W 148 St,1022
4021,40.813224,-73.930605,E 138 St & Grand Concourse,134
4023,40.819241,-73.941057,Adam Clayton Powell Blvd & W 141 St,945
4024,40.826406,-73.93794799999999,Macombs Pl & W 152 St,403
4025,40.826881,-73.941427,Edgecombe Ave & W 150 St,204
4027,40.830663,-73.941323,St. Nicholas Ave & W 155 St,480
4028,40.830702,-73.936371,Frederick Douglass Blvd & Harlem River Dr,212
4029,40.816402000000004,-73.919549,Courtlandt Ave & E 149 St,307
4030,40.822267,-73.916792,Courtlandt Ave & E 157 St,192
4031,40.81989,-73.908351,Cauldwell Ave & E 158 St,83
4032,40.820570000000004,-73.917579,E 155 St & Courtlandt Ave,106
4034,40.821728,-73.952761,Hamilton Pl & W 138 St,368
4035,40.831327,-73.946665,Broadway & W 153 St,417
4036,40.7639089,-73.9477213,Motorgate,1932
4037,40.757284000000006,-73.9536,Roosevelt Island Tramway,1950
4038,40.75370225419114,-73.95865201950072,Southpoint Park,767
4040,40.742684734875695,-73.98671329021455,Madison Ave & E 26 St,3289
4041,40.825289,-73.93623199999999,Adam Clayton Powell Blvd & W 151 St,337
4043,40.782535857724106,-73.97908508777618,W 78 St & Amsterdam Ave,4060
4044,40.75461,-73.99176999999999,8 Ave & W 38 St,6467
4045,40.77237,-73.99005,West End Ave & W 60 St,5005
4047,40.832081,-73.942386,Amsterdam Ave & W 156 St,250
4048,40.832314000000004,-73.94102,St. Nicholas Ave & W 157 St,304
4050,40.833303,-73.939326,W 159 St & Edgecombe Ave,124
4051,40.834468,-73.939865,W 160 St & St. Nicholas Ave,426
4052,40.83618,-73.939789,Amsterdam Ave & W 162 St,343
4053,40.835798,-73.937496,W 163 St & Edgecombe Ave,109
4054,40.839278,-73.94544599999999,W 163 St & Riverside Dr,241
4055,40.84004,-73.942939,W 165 St & Fort Washington Ave,685
4056,40.839137,-73.941409,Broadway & W 165 St,590
4057,40.839443,-73.937044,Amsterdam Ave & W 167 St,377
4058,40.75863,-73.97513000000001,Madison Av & E 51 St,2112
4059,40.842940999999996,-73.938631,W 171 St & St. Nicholas Ave,469
4060,40.842172999999995,-73.93511099999999,Amsterdam Ave & W 172 St,301
4061,40.84522,-73.940493,Fort Washington Ave & W 173 St,605
4062,40.844044,-73.933651,Amsterdam Ave & W 175 St,241
4063,40.846052,-73.937648,Wadsworth Ave & W 175 St,336
4064,40.807347437082,-73.90809774398805,Southern Blvd & E 142 St,65
4065,40.848467,-73.936064,Wadsworth Ave & W 179 St,514
4066,40.847305,-73.933291,Audobon Ave & W 179 St,207
4067,40.847396,-73.931205,Amsterdam Ave & W 180 St,236
4068,40.852252,-73.937854,Fort Washington Ave & W 183 St,1090
4069,40.848282,-73.941343,Cabrini Blvd & W 177 St,388
4070,40.849971999999994,-73.938423,W 180 St & Ft Washington Ave,631
4071,40.835775,-73.9434,Broadway & W 160 St,847
4072,40.757936462436746,-73.97960275411606,W 48 St & Rockefeller Plaza,1928
4073,40.75969995906254,-73.9780819416046,W 51 St & Rockefeller Plaza,2062
4074,40.838190999999995,-73.93608499999999,Edgecombe Ave & W 167 St,185
4075,40.78476,-73.969862,Central Park West & W 85 St,4746
4076,40.820089,-73.928947,E 150 St & Gerard Ave,510
4078,40.823732,-73.919379,Concourse Village East & E 158 St,295
4079,40.828846999999996,-73.91769000000001,Grant Ave & E 164 St,500
4080,40.831444,-73.926226,Jerome Ave & E 164 St,148
4081,40.83173,-73.922394,Gerard Ave & E 165 St,164
4082,40.833909000000006,-73.92112,Gerard Ave & McClellan St,175
4083,40.836490000000005,-73.918316,Walton Ave & E 168 St,277
4084,40.835334,-73.9154,Sheridan Ave & E 168 St,285
4085,40.839549,-73.913004,Grand Concourse & E 171 St,367
4086,40.840536,-73.919228,Inwood Ave & W 170 St,138
4087,40.84207,-73.926075,W 170 St & University Ave,272
4088,40.843965000000004,-73.920999,Nelson Ave & W 172 St,400
4090,40.823429,-73.924689,Grand Concourse & E 156 St,190
4091,40.829797,-73.931015,Jerome Ave & Ogden Ave,31
4092,40.830179,-73.928747,Jerome Ave & Anderson Ave,168
4093,40.827115,-73.92272,Grand Concourse & E 161 St,574
4094,40.825716,-73.915585,Park Ave & E 162 St,355
4095,40.83263,-73.925101,E 165 St & Jerome Ave,64
4096,40.834263,-73.917641,Grand Concourse & E 167 St,495
4098,40.839312,-73.922423,Shakespeare Ave & W 169 St,207
4099,40.834015,-73.908863,E 169 St & Webster Ave,287
4101,40.826677000000004,-73.929327,E 153 St & E 157 St,170
4102,40.829608,-73.921461,Grand Concourse & E 164 St,344
4103,40.834457,-73.928381,Ogden Ave & W 165 St,323
4104,40.818212,-73.955277,Old Broadway & W 133 St,105
4105,40.823161999999996,-73.92326700000001,Concourse Village West & E 156 St,191
4106,40.832812,-73.929372,Ogden Ave & W 164 St,248
4107,40.837213,-73.908345,E 170 St & Clay Ave,35
4108,40.843264000000005,-73.90486700000001,Clay Ave & E 173 St,228
4109,40.84925,-73.93021999999999,Amsterdam Ave & W 183 St,508
4110,40.72506551015475,-73.97515833377837,Avenue D & E 10 St,2481
4112,40.78294,-73.93077,Wards Meadow Comfort Station,894
4113,40.793459999999996,-73.92389,Icahn Stadium,389
4114,40.79558,-73.91906,Sunken Meadow Comfort Station,385
4115,40.80046,-73.92404,Bronx Shore Comfort Station,279
4116,40.830262,-73.92339100000001,Gerard Ave & E 164 St,152
4117,40.66407983678161,-73.96025128666679,Sullivan Pl & Franklin Ave,1998
4120,40.74949854602521,-73.97729203113158,E 39 St & Lexington Ave,5967
4121,40.74714,-73.97113,1 Ave & E 39 St,6365
4122,40.79249519495111,-73.9641706646307,Central Park W & W 97 St,4728
4123,40.79603684159984,-73.96158903853575,Central Park W & W 103 St,2389
4124,40.78866499127884,-73.96680057048799,Central Park W & W 91 St,3747
4125,40.827883,-73.927111,E 161 St & River Ave,1141
4126,40.825737,-73.927311,E 157 St & River Ave,386
4127,40.839141999999995,-73.925961,Ogden Ave & Merriam Ave,149
4128,40.837576,-73.910489,College Ave & E 170 St,225
4129,40.832057,-73.927421,Anderson Ave & W 164 St,112
4130,40.831584,-73.9149,Morris Ave & McClellan St,316
4131,40.844075,-73.91725600000001,Goble Pl & Macombs Rd,377
4132,40.812769,-73.901583,Southern Blvd & Avenue St. John,241
4133,40.815077,-73.899939,Beck St & Leggett Ave,137
4134,40.816342999999996,-73.896447,Longwood Ave & Southern Blvd,230
4135,40.819701,-73.90131099999999,Westchester Ave & Longwood Ave,331
4136,40.824,-73.91089000000001,Washington Ave & E 163 St,73
4137,40.823871999999994,-73.908699,3 Ave & E 163 St,211
4138,40.82696,-73.907451,3 Ave & Franklin Ave,250
4139,40.824796,-73.90241999999999,Tinton Ave & E 165 St,240
4140,40.822545,-73.901824,E 163 St & Union Ave,186
4141,40.818185,-73.894143,Southern Blvd & Tiffany St,166
4142,40.816126000000004,-73.891559,Barry St & Tiffany St,17
4143,40.813990999999994,-73.8855,Hunts Point Ave & Bryant Ave,41
4144,40.816567,-73.888161,Lafayette Ave & Hunts Point Ave,4
4147,40.821075,-73.89506899999999,E 163 St & Tiffany St,144
4148,40.821967,-73.896752,Intervale Ave & Westchester Ave,195
4149,40.82895,-73.90521,E 167 St & Franklin Ave,144
4150,40.836103,-73.907199,E 170 St & Webster Ave,307
4151,40.832678,-73.905158,3 Ave & E 169 St,385
4152,40.830471,-73.904556,Fulton Ave & E 168 St,127
4153,40.82394,-73.894025,E 165 St & Fox St,16
4154,40.820578000000005,-73.888271,Faile St & Garrison Ave,165
4155,40.827184,-73.893721,E 169 St & Fox St,193
4156,40.83545,-73.90153000000001,Fulton Ave & St. Paul's Pl,185
4157,40.833246,-73.896599,Boston Rd & Prospect Ave,63
4158,40.830529,-73.894717,Freeman St & Reverend James A Polite Ave,225
4159,40.839586,-73.900277,3 Ave & E 172 St,345
4160,40.843078999999996,-73.900216,Washington Ave & E 174 St,33
4161,40.842240000000004,-73.8985,3 Ave & E 174 St,328
4162,40.834123999999996,-73.88955,Southern Blvd & E 172 St,375
4163,40.832648999999996,-73.885272,Boone Ave & E 172 St,22
4164,40.836273999999996,-73.88430799999999,E 174 St & Longfellow Ave,3
4165,40.82809,-73.91288,E 165 St & Clay Ave,78
4166,40.82441,-73.92818,River Ave & E 153 St,555
4167,40.84301,-73.91171999999999,Grand Concourse & East Mount Eden Ave,701
4168,40.842675,-73.90854399999999,Mount Eden Pkwy & Eastburn Ave,17
4169,40.83899,-73.9109,Morris Ave & E 171 St,41
4170,40.828975,-73.911259,Webster Ave & E 166 St,42
4171,40.828199,-73.903719,Boston Rd & E 167 St,101
4172,40.829896000000005,-73.907618,Washington Ave & E 167 St,147
4173,40.825322,-73.88772900000001,Longfellow Ave & E 165 St,12
4174,40.834857,-73.903743,3 Ave & E 170 St,177
4175,40.838378999999996,-73.905838,E 171 St & Webster Ave,133
4177,40.831762,-73.89685300000001,Prospect Ave & Jennings St,95
4179,40.830051,-73.892103,Freeman St & Southern Blvd,35
4180,40.830025,-73.886312,West Farms Rd & Boone Ave,77
4182,40.831998,-73.892686,Louis Nine Blvd & Intervale Ave,131
4185,40.839335,-73.886445,Southern Blvd & E 175 St,7
4186,40.818154,-73.925294,E 149 St & Park Ave,179
4188,40.83299,-73.94592,Broadway & W 155 St,572
4189,40.83579,-73.913741,Grant Ave & E 169 St,85
4190,40.840683,-73.91507299999999,Walton Ave & E 171 St,267
4191,40.827301,-73.896372,Intervale Ave & Kelly St,92
4192,40.826303,-73.898751,Prospect Ave & E 167 St,30
4193,40.85168,-73.94185999999999,W 181 St & Riverside Dr,1255
4194,40.840484000000004,-73.917946,Plaza Dr & W 170 St,288
4195,40.830940000000005,-73.91125,E 167 St & Clay Ave,279
4198,40.824811,-73.91640699999999,E 161 St & Park Ave,86
4199,40.83406,-73.92243,River Ave & McClellan St,273
4201,40.83999,-73.90549,Clay Ave & Claremont Pkwy,203
4202,40.819998999999996,-73.897263,Dawson St & Intervale Ave,76
4204,40.826706,-73.888719,E 167 St & Bryant Ave,4
4205,40.841091999999996,-73.892317,Crotona Park North & Prospect Ave,20
4206,40.811892,-73.90419200000001,Southern Blvd & E 149 St,10
4207,40.83130549267296,-73.91744792461395,Sherman Ave & E 166 St,182
4209,40.838706,-73.92703399999999,University Ave & W 168 St,23
4210,40.831959999999995,-73.91956,Grand Concourse & E 166 St,167
4211,40.82995,-73.898802,Union Ave & E 169 St,2
4212,40.83171,-73.90208,Franklin Ave & E 169 St,84
4213,40.835302,-73.895133,Wilkins Ave & Crotona Park E,70
4220,40.823060999999996,-73.941928,Frederick Douglass Blvd & W 145 St,32
4222,40.822216999999995,-73.928939,River Ave & E 151 St,192
4225,40.696232971293156,-73.99142056703569,Clinton St & Tillary St,668
4227,40.837037,-73.890413,Crotona Park East & E 173 St,20
4228,40.839194,-73.888587,Waterloo Pl & Crotona Park East,81
4229,40.840494,-73.911479,Sheridan Ave & E 172 St,3
4230,40.8358771,-73.89314279999999,Charlotte St & Boston Rd,1
